<quakes>
<qu001>  3.0|2008/11/04 17:13:24|  58.6301|-152.0317|  14.10|Kodiak Island region, Alaska|http://earthquake.usgs.gov/eqcenter/recenteqsww/Quakes/ak00076273.php</qu001>
<qu002>  3.0|2008/11/04 15:46:45|  64.6861|-149.5647|  29.60|Central Alaska|http://earthquake.usgs.gov/eqcenter/recenteqsww/Quakes/ak00076266.php</qu002>
<qu003>  4.0|2008/11/04 15:46:34|  66.4634|-157.9637|   0.20|northern Alaska|http://earthquake.usgs.gov/eqcenter/recenteqsww/Quakes/ak00076264.php</qu003>
<qu004>  2.9|2008/11/04 15:02:08|  54.4604|-163.7698|  98.70|Unimak Island region, Alaska|http://earthquake.usgs.gov/eqcenter/recenteqsww/Quakes/ak00076262.php</qu004>
<qu005>  2.6|2008/11/04 13:34:11|  62.6848|-149.5336|  14.60|Central Alaska|http://earthquake.usgs.gov/eqcenter/recenteqsww/Quakes/ak00076250.php</qu005>
<qu006>  3.8|2008/11/04 13:22:39|  59.9046|-152.5742|  84.20|Southern Alaska|http://earthquake.usgs.gov/eqcenter/recenteqsww/Quakes/ak00076239.php</qu006>
<qu007>  4.7|2008/11/04 12:43:21|  32.1959| 104.6097|  64.20|Sichuan-Gansu border region, China|http://earthquake.usgs.gov/eqcenter/recenteqsww/Quakes/us2008yzbh.php</qu007>
<qu008>  3.0|2008/11/04 12:04:20|  60.1463|-152.8628|  74.90|Southern Alaska|http://earthquake.usgs.gov/eqcenter/recenteqsww/Quakes/ak00076234.php</qu008>
<qu009>  3.4|2008/11/04 11:53:15|  60.3878|-151.4840|  21.40|Kenai Peninsula, Alaska|http://earthquake.usgs.gov/eqcenter/recenteqsww/Quakes/ak00076225.php</qu009>
<qu010>  3.3|2008/11/04 10:53:53|  19.6175| -66.3745|  59.70|Puerto Rico region|http://earthquake.usgs.gov/eqcenter/recenteqsww/Quakes/prp0830918.php</qu010>
<qu011>  4.5|2008/11/04 10:31:58| -27.7724| -70.9744|  13.50|Atacama, Chile|http://earthquake.usgs.gov/eqcenter/recenteqsww/Quakes/us2008yzba.php</qu011>
<qu012>  2.5|2008/11/04 10:10:06|  17.8973| -66.8437|   5.00|Puerto Rico region|http://earthquake.usgs.gov/eqcenter/recenteqsww/Quakes/prp0830914.php</qu012>
<qu013>  2.8|2008/11/04 10:09:15|  40.6515|-122.4355|  25.90|Northern California|http://earthquake.usgs.gov/eqcenter/recenteqsww/Quakes/nc51210582.php</qu013>
<qu014>  3.0|2008/11/04 09:44:25|  36.0793|-120.1815|  13.50|Central California|http://earthquake.usgs.gov/eqcenter/recenteqsww/Quakes/nc51210580.php</qu014>
<qu015>  4.9|2008/11/04 09:20:13|  10.3795| 138.4949|  47.60|State of Yap, Federated States of Micronesia|http://earthquake.usgs.gov/eqcenter/recenteqsww/Quakes/us2008yza8.php</qu015>
<qu016>  3.1|2008/11/04 09:11:40|  19.5660| -66.3212|  35.60|Puerto Rico region|http://earthquake.usgs.gov/eqcenter/recenteqsww/Quakes/prp0830917.php</qu016>
<qu017>  3.3|2008/11/04 09:10:25|  19.3678| -66.3905|  68.10|Puerto Rico region|http://earthquake.usgs.gov/eqcenter/recenteqsww/Quakes/prp0830916.php</qu017>
<qu018>  2.6|2008/11/04 09:06:09|  38.8152|-122.7783|   0.80|Northern California|http://earthquake.usgs.gov/eqcenter/recenteqsww/Quakes/nc51210576.php</qu018>
<qu019>  3.4|2008/11/04 08:53:10|  19.2547| -64.8147|  28.90|Virgin Islands region|http://earthquake.usgs.gov/eqcenter/recenteqsww/Quakes/prp0830910.php</qu019>
<qu020>  4.9|2008/11/04 07:38:30| -36.8331| -96.1499|  10.00|West Chile Rise|http://earthquake.usgs.gov/eqcenter/recenteqsww/Quakes/us2008yza1.php</qu020>
<qu021>  3.0|2008/11/04 07:38:16|  19.3032| -66.3113|  34.60|Puerto Rico region|http://earthquake.usgs.gov/eqcenter/recenteqsww/Quakes/prp0830915.php</qu021>
<qu022>  3.2|2008/11/04 07:29:30|  19.5092| -66.2902|  41.60|Puerto Rico region|http://earthquake.usgs.gov/eqcenter/recenteqsww/Quakes/prp0830909.php</qu022>
<qu023>  2.6|2008/11/04 06:53:30|  51.5272|-174.6157|  11.60|Andreanof Islands, Aleutian Islands, Alaska|http://earthquake.usgs.gov/eqcenter/recenteqsww/Quakes/ak00076205.php</qu023>
<qu024>  3.3|2008/11/04 06:33:52|  19.3143| -66.3948| 101.90|Puerto Rico region|http://earthquake.usgs.gov/eqcenter/recenteqsww/Quakes/prp0830911.php</qu024>
<qu025>  3.4|2008/11/04 06:28:15|  19.4612| -66.3013|  42.20|Puerto Rico region|http://earthquake.usgs.gov/eqcenter/recenteqsww/Quakes/prp0830908.php</qu025>
<qu026>  2.8|2008/11/04 06:05:42|  55.3149|-161.9897| 100.00|Alaska Peninsula|http://earthquake.usgs.gov/eqcenter/recenteqsww/Quakes/ak00076196.php</qu026>
<qu027>  3.2|2008/11/04 04:44:53|  19.3798| -66.2518|  41.10|Puerto Rico region|http://earthquake.usgs.gov/eqcenter/recenteqsww/Quakes/prp0830913.php</qu027>
<qu028>  4.5|2008/11/04 03:20:58|  -8.5914| -78.2580| 187.50|near the coast of northern Peru|http://earthquake.usgs.gov/eqcenter/recenteqsww/Quakes/us2008yzal.php</qu028>
<qu029>  3.2|2008/11/04 03:09:11|  19.5783| -66.4332|  72.70|Puerto Rico region|http://earthquake.usgs.gov/eqcenter/recenteqsww/Quakes/prp0830905.php</qu029>
<qu030>  3.6|2008/11/04 02:44:30|  51.2499|-174.1883|   4.80|Andreanof Islands, Aleutian Islands, Alaska|http://earthquake.usgs.gov/eqcenter/recenteqsww/Quakes/ak00076181.php</qu030>
<qu031>  3.2|2008/11/04 02:32:50|  19.4868| -66.2857|  53.70|Puerto Rico region|http://earthquake.usgs.gov/eqcenter/recenteqsww/Quakes/prp0830906.php</qu031>
<qu032>  3.4|2008/11/04 02:06:24|  19.3745| -66.3152|  72.80|Puerto Rico region|http://earthquake.usgs.gov/eqcenter/recenteqsww/Quakes/prp0830907.php</qu032>
<qu033>  3.3|2008/11/04 00:41:55|  19.4982| -66.3022|  43.60|Puerto Rico region|http://earthquake.usgs.gov/eqcenter/recenteqsww/Quakes/prp0830901.php</qu033>
<qu034>  3.3|2008/11/04 00:11:53|  19.4367| -66.3357|  42.60|Puerto Rico region|http://earthquake.usgs.gov/eqcenter/recenteqsww/Quakes/prp0830902.php</qu034>
<qu035>  2.9|2008/11/03 23:10:56|  19.3948| -66.7552|  25.50|Puerto Rico region|http://earthquake.usgs.gov/eqcenter/recenteqsww/Quakes/prp0830832.php</qu035>
<qu036>  3.2|2008/11/03 22:54:40|  19.5278| -66.2185|  35.30|Puerto Rico region|http://earthquake.usgs.gov/eqcenter/recenteqsww/Quakes/prp0830830.php</qu036>
<qu037>  2.7|2008/11/03 22:54:16|  55.0595|-160.9716|  35.00|Alaska Peninsula|http://earthquake.usgs.gov/eqcenter/recenteqsww/Quakes/ak00076075.php</qu037>
<qu038>  5.0|2008/11/03 21:40:06|  51.5372| 159.4208|  35.70|off the east coast of the Kamchatka Peninsula, Russia|http://earthquake.usgs.gov/eqcenter/recenteqsww/Quakes/us2008yycw.php</qu038>
<qu039>  3.2|2008/11/03 20:58:51|  51.6433|-176.8420|  56.10|Andreanof Islands, Aleutian Islands, Alaska|http://earthquake.usgs.gov/eqcenter/recenteqsww/Quakes/ak00076068.php</qu039>
<qu040>  2.5|2008/11/03 20:42:59|  54.6136|-163.5138|   0.30|Unimak Island region, Alaska|http://earthquake.usgs.gov/eqcenter/recenteqsww/Quakes/ak00076066.php</qu040>
<qu041>  5.1|2008/11/03 19:36:21| -16.2861|-176.3248| 370.10|Fiji region|http://earthquake.usgs.gov/eqcenter/recenteqsww/Quakes/us2008yyca.php</qu041>
<qu042>  5.7|2008/11/03 19:22:02|   1.2012|  97.2809|  35.00|Nias region, Indonesia|http://earthquake.usgs.gov/eqcenter/recenteqsww/Quakes/us2008yyb9.php</qu042>
<qu043>  3.4|2008/11/03 18:49:32|  51.5632|-177.4988|   0.10|Andreanof Islands, Aleutian Islands, Alaska|http://earthquake.usgs.gov/eqcenter/recenteqsww/Quakes/ak00076047.php</qu043>
<qu044>  3.2|2008/11/03 18:33:02|  19.5657| -66.4357|  25.10|Puerto Rico region|http://earthquake.usgs.gov/eqcenter/recenteqsww/Quakes/prp0830824.php</qu044>
<qu045>  3.1|2008/11/03 17:26:13|  19.5968| -66.3105|  25.20|Puerto Rico region|http://earthquake.usgs.gov/eqcenter/recenteqsww/Quakes/prp0830825.php</qu045>
<qu046>  2.9|2008/11/03 17:20:48|  19.4607| -66.2645|  25.00|Puerto Rico region|http://earthquake.usgs.gov/eqcenter/recenteqsww/Quakes/prp0830826.php</qu046>
<qu047>  2.8|2008/11/03 17:14:30|  63.3549|-152.2124|   5.60|Central Alaska|http://earthquake.usgs.gov/eqcenter/recenteqsww/Quakes/ak00076034.php</qu047>
<qu048>  4.7|2008/11/03 16:08:17|  30.5215|  67.7163|  24.20|Pakistan|http://earthquake.usgs.gov/eqcenter/recenteqsww/Quakes/us2008yybr.php</qu048>
<qu049>  3.3|2008/11/03 15:03:34|  19.6522| -66.3370|  40.70|Puerto Rico region|http://earthquake.usgs.gov/eqcenter/recenteqsww/Quakes/prp0830819.php</qu049>
<qu050>  4.8|2008/11/03 14:52:42|  51.5925|-174.3594|  44.50|Andreanof Islands, Aleutian Islands, Alaska|http://earthquake.usgs.gov/eqcenter/recenteqsww/Quakes/us2008yybm.php</qu050>
<qu051>  2.8|2008/11/03 13:16:15|  51.9342|-174.7639|  31.00|Andreanof Islands, Aleutian Islands, Alaska|http://earthquake.usgs.gov/eqcenter/recenteqsww/Quakes/ak00076013.php</qu051>
<qu052>  3.1|2008/11/03 13:16:10|  19.3847| -66.4573|  25.10|Puerto Rico region|http://earthquake.usgs.gov/eqcenter/recenteqsww/Quakes/prp0830822.php</qu052>
<qu053>  3.7|2008/11/03 13:14:12|  42.8209|-105.2047|   5.00|Wyoming|http://earthquake.usgs.gov/eqcenter/recenteqsww/Quakes/us2008yybi.php</qu053>
<qu054>  3.1|2008/11/03 13:11:47|  19.3172| -67.9707|  75.60|Dominican Republic region|http://earthquake.usgs.gov/eqcenter/recenteqsww/Quakes/prp0830831.php</qu054>
<qu055>  3.1|2008/11/03 10:34:40|  19.4720| -66.2363|  74.90|Puerto Rico region|http://earthquake.usgs.gov/eqcenter/recenteqsww/Quakes/prp0830813.php</qu055>
<qu056>  2.9|2008/11/03 10:12:23|  51.3800|-174.3753|   6.40|Andreanof Islands, Aleutian Islands, Alaska|http://earthquake.usgs.gov/eqcenter/recenteqsww/Quakes/ak00075989.php</qu056>
<qu057>  3.4|2008/11/03 09:00:42|  19.3218| -66.3568|  51.00|Puerto Rico region|http://earthquake.usgs.gov/eqcenter/recenteqsww/Quakes/prp0830812.php</qu057>
<qu058>  3.4|2008/11/03 08:33:58|  19.3525| -66.3100|  30.20|Puerto Rico region|http://earthquake.usgs.gov/eqcenter/recenteqsww/Quakes/prp0830811.php</qu058>
<qu059>  2.5|2008/11/03 08:29:42|  58.2040|-155.9990| 100.00|Alaska Peninsula|http://earthquake.usgs.gov/eqcenter/recenteqsww/Quakes/ak00075979.php</qu059>
<qu060>  3.5|2008/11/03 07:30:51|  51.2327|-174.2011|  11.90|Andreanof Islands, Aleutian Islands, Alaska|http://earthquake.usgs.gov/eqcenter/recenteqsww/Quakes/ak00075975.php</qu060>
<qu061>  4.4|2008/11/03 07:18:02|  -4.4529| 154.1298| 413.20|Bougainville region, Papua New Guinea|http://earthquake.usgs.gov/eqcenter/recenteqsww/Quakes/us2008yya2.php</qu061>
<qu062>  3.1|2008/11/03 06:54:37|  19.7345| -66.4765|  35.00|Puerto Rico region|http://earthquake.usgs.gov/eqcenter/recenteqsww/Quakes/prp0830829.php</qu062>
<qu063>  2.8|2008/11/03 06:40:39|  17.8387| -65.9697|   2.20|Puerto Rico region|http://earthquake.usgs.gov/eqcenter/recenteqsww/Quakes/prp0830827.php</qu063>
<qu064>  4.8|2008/11/03 06:01:03|  51.6425|-174.4155|  10.00|Andreanof Islands, Aleutian Islands, Alaska|http://earthquake.usgs.gov/eqcenter/recenteqsww/Quakes/us2008yyaw.php</qu064>
<qu065>  3.3|2008/11/03 06:00:21|  19.5810| -66.2883|  34.80|Puerto Rico region|http://earthquake.usgs.gov/eqcenter/recenteqsww/Quakes/prp0830809.php</qu065>
<qu066>  2.8|2008/11/03 05:51:18|  51.6439|-177.6868|  40.70|Andreanof Islands, Aleutian Islands, Alaska|http://earthquake.usgs.gov/eqcenter/recenteqsww/Quakes/ak00075967.php</qu066>
<qu067>  3.4|2008/11/03 05:09:46|  19.5237| -66.3803|  50.10|Puerto Rico region|http://earthquake.usgs.gov/eqcenter/recenteqsww/Quakes/prp0830808.php</qu067>
<qu068>  4.8|2008/11/03 04:46:33| -18.4188| -69.1930| 117.40|Tarapaca, Chile|http://earthquake.usgs.gov/eqcenter/recenteqsww/Quakes/us2008yyas.php</qu068>
<qu069>  3.3|2008/11/03 04:43:50|  19.5662| -66.3353|  49.50|Puerto Rico region|http://earthquake.usgs.gov/eqcenter/recenteqsww/Quakes/prp0830806.php</qu069>
<qu070>  3.1|2008/11/03 04:36:29|  19.5758| -66.3958|  35.50|Puerto Rico region|http://earthquake.usgs.gov/eqcenter/recenteqsww/Quakes/prp0830805.php</qu070>
<qu071>  3.3|2008/11/03 03:35:30|  19.4812| -66.3603|  35.60|Puerto Rico region|http://earthquake.usgs.gov/eqcenter/recenteqsww/Quakes/prp0830804.php</qu071>
<qu072>  2.7|2008/11/03 03:15:51|  33.0558|-116.0396|  10.70|Southern California|http://earthquake.usgs.gov/eqcenter/recenteqsww/Quakes/ci10357573.php</qu072>
<qu073>  3.4|2008/11/03 03:14:47|  19.5558| -66.3695|  37.00|Puerto Rico region|http://earthquake.usgs.gov/eqcenter/recenteqsww/Quakes/prp0830810.php</qu073>
<qu074>  2.7|2008/11/03 03:04:28|  40.2850|-124.5317|  19.20|offshore Northern California|http://earthquake.usgs.gov/eqcenter/recenteqsww/Quakes/nc51210519.php</qu074>
<qu075>  2.8|2008/11/03 03:02:25|  19.3612| -66.3380|  62.50|Puerto Rico region|http://earthquake.usgs.gov/eqcenter/recenteqsww/Quakes/prp0830821.php</qu075>
<qu076>  3.0|2008/11/03 02:47:06|  19.4280| -66.2867|  75.70|Puerto Rico region|http://earthquake.usgs.gov/eqcenter/recenteqsww/Quakes/prp0830818.php</qu076>
<qu077>  3.3|2008/11/03 02:33:36|  19.4607| -66.3617|  35.80|Puerto Rico region|http://earthquake.usgs.gov/eqcenter/recenteqsww/Quakes/prp0830803.php</qu077>
<qu078>  3.1|2008/11/03 02:13:00|  19.5178| -66.4618|  75.30|Puerto Rico region|http://earthquake.usgs.gov/eqcenter/recenteqsww/Quakes/prp0830816.php</qu078>
<qu079>  3.1|2008/11/03 02:10:28|  19.5143| -66.3365|  50.50|Puerto Rico region|http://earthquake.usgs.gov/eqcenter/recenteqsww/Quakes/prp0830815.php</qu079>
<qu080>  2.5|2008/11/03 01:27:02|  19.3242|-155.1205|   7.30|Island of Hawaii, Hawaii|http://earthquake.usgs.gov/eqcenter/recenteqsww/Quakes/hv00031374.php</qu080>
<qu081>  2.9|2008/11/03 01:20:09|  51.5445|-174.4699|  42.80|Andreanof Islands, Aleutian Islands, Alaska|http://earthquake.usgs.gov/eqcenter/recenteqsww/Quakes/ak00075949.php</qu081>
<qu082>  2.6|2008/11/03 01:08:06|  51.2466|-174.3730|  34.10|Andreanof Islands, Aleutian Islands, Alaska|http://earthquake.usgs.gov/eqcenter/recenteqsww/Quakes/ak00075948.php</qu082>
<qu083>  3.4|2008/11/03 00:30:38|  19.2788| -66.3460|  35.50|Puerto Rico region|http://earthquake.usgs.gov/eqcenter/recenteqsww/Quakes/prp0830802.php</qu083>
<qu084>  3.4|2008/11/03 00:21:11|  19.6322| -66.2408|  42.20|Puerto Rico region|http://earthquake.usgs.gov/eqcenter/recenteqsww/Quakes/prp0830801.php</qu084>
<qu085>  3.2|2008/11/02 23:25:47|  19.3320| -66.3265|  15.00|Puerto Rico region|http://earthquake.usgs.gov/eqcenter/recenteqsww/Quakes/prp0830724.php</qu085>
<qu086>  2.7|2008/11/02 23:13:20|  60.7462|-137.7526|  20.40|Southern Yukon Territory, Canada|http://earthquake.usgs.gov/eqcenter/recenteqsww/Quakes/ak00075936.php</qu086>
<qu087>  3.4|2008/11/02 22:59:53|  19.5073| -66.3157|  15.00|Puerto Rico region|http://earthquake.usgs.gov/eqcenter/recenteqsww/Quakes/prp0830721.php</qu087>
<qu088>  3.2|2008/11/02 22:53:14|  19.3865| -66.3502|  44.30|Puerto Rico region|http://earthquake.usgs.gov/eqcenter/recenteqsww/Quakes/prp0830719.php</qu088>
<qu089>  3.3|2008/11/02 22:25:31|  19.4383| -66.3208|  15.00|Puerto Rico region|http://earthquake.usgs.gov/eqcenter/recenteqsww/Quakes/prp0830718.php</qu089>
<qu090>  3.3|2008/11/02 22:01:43|  19.5475| -66.3212|  47.60|Puerto Rico region|http://earthquake.usgs.gov/eqcenter/recenteqsww/Quakes/prp0830723.php</qu090>
<qu091>  3.6|2008/11/02 21:45:20|  19.4210| -66.3673|   6.10|Puerto Rico region|http://earthquake.usgs.gov/eqcenter/recenteqsww/Quakes/prp0830716.php</qu091>
<qu092>  2.6|2008/11/02 21:45:11|  51.4518|-174.4754|  47.50|Andreanof Islands, Aleutian Islands, Alaska|http://earthquake.usgs.gov/eqcenter/recenteqsww/Quakes/ak00075923.php</qu092>
<qu093>  3.4|2008/11/02 21:41:46|  19.4655| -66.3255|  35.50|Puerto Rico region|http://earthquake.usgs.gov/eqcenter/recenteqsww/Quakes/prp0830720.php</qu093>
<qu094>  3.5|2008/11/02 21:05:20|  19.5108| -66.3688|  48.90|Puerto Rico region|http://earthquake.usgs.gov/eqcenter/recenteqsww/Quakes/prp0830722.php</qu094>
<qu095>  3.2|2008/11/02 21:02:36|  19.5150| -66.2612|  47.00|Puerto Rico region|http://earthquake.usgs.gov/eqcenter/recenteqsww/Quakes/prp0830727.php</qu095>
<qu096>  3.4|2008/11/02 21:01:02|  19.6497| -66.2822|  21.10|Puerto Rico region|http://earthquake.usgs.gov/eqcenter/recenteqsww/Quakes/prp0830717.php</qu096>
<qu097>  3.0|2008/11/02 20:58:32|  19.5295| -66.3662|  41.20|Puerto Rico region|http://earthquake.usgs.gov/eqcenter/recenteqsww/Quakes/prp0830726.php</qu097>
<qu098>  3.4|2008/11/02 20:58:19|  66.7527|-158.3075|  12.30|northern Alaska|http://earthquake.usgs.gov/eqcenter/recenteqsww/Quakes/ak00075916.php</qu098>
<qu099>  3.3|2008/11/02 20:48:57|  19.5592| -66.3835|  45.50|Puerto Rico region|http://earthquake.usgs.gov/eqcenter/recenteqsww/Quakes/prp0830725.php</qu099>
<qu100>  5.3|2008/11/02 20:42:37|  19.4310| -66.3830|  10.00|Puerto Rico region|http://earthquake.usgs.gov/eqcenter/recenteqsww/Quakes/us2008yxb6.php</qu100>
<qu101>  3.2|2008/11/02 19:54:20|  19.3717| -66.2933|  97.90|Puerto Rico region|http://earthquake.usgs.gov/eqcenter/recenteqsww/Quakes/prp0830713.php</qu101>
<qu102>  2.6|2008/11/02 19:33:55|  40.8777|-111.5822|   4.10|Utah|http://earthquake.usgs.gov/eqcenter/recenteqsww/Quakes/uu00001558.php</qu102>
<qu103>  2.5|2008/11/02 18:15:05|  51.8565|-174.8066|  37.50|Andreanof Islands, Aleutian Islands, Alaska|http://earthquake.usgs.gov/eqcenter/recenteqsww/Quakes/ak00075904.php</qu103>
<qu104>  3.5|2008/11/02 17:41:13|  19.0472| -64.0233|  59.60|Virgin Islands region|http://earthquake.usgs.gov/eqcenter/recenteqsww/Quakes/prp0830711.php</qu104>
<qu105>  2.5|2008/11/02 17:14:52|  51.8611|-174.7981|   0.50|Andreanof Islands, Aleutian Islands, Alaska|http://earthquake.usgs.gov/eqcenter/recenteqsww/Quakes/ak00075896.php</qu105>
<qu106>  3.1|2008/11/02 17:08:13|  51.8085|-174.6095|  53.20|Andreanof Islands, Aleutian Islands, Alaska|http://earthquake.usgs.gov/eqcenter/recenteqsww/Quakes/ak00075894.php</qu106>
<qu107>  2.8|2008/11/02 17:01:48|  19.3312|-155.1448|   7.60|Island of Hawaii, Hawaii|http://earthquake.usgs.gov/eqcenter/recenteqsww/Quakes/hv00031367.php</qu107>
<qu108>  2.5|2008/11/02 16:49:49|  51.5862|-174.4640|  36.40|Andreanof Islands, Aleutian Islands, Alaska|http://earthquake.usgs.gov/eqcenter/recenteqsww/Quakes/ak00075892.php</qu108>
<qu109>  3.3|2008/11/02 16:03:52|  51.3888|-174.4390|  13.10|Andreanof Islands, Aleutian Islands, Alaska|http://earthquake.usgs.gov/eqcenter/recenteqsww/Quakes/ak00075882.php</qu109>
<qu110>  3.4|2008/11/02 15:11:58|  51.4121|-174.4827|  11.80|Andreanof Islands, Aleutian Islands, Alaska|http://earthquake.usgs.gov/eqcenter/recenteqsww/Quakes/ak00075872.php</qu110>
<qu111>  3.8|2008/11/02 15:06:54|  51.3340|-174.3441|  12.00|Andreanof Islands, Aleutian Islands, Alaska|http://earthquake.usgs.gov/eqcenter/recenteqsww/Quakes/ak00075868.php</qu111>
<qu112>  5.7|2008/11/02 15:01:00| -29.9851|-177.0442|  44.90|Kermadec Islands, New Zealand|http://earthquake.usgs.gov/eqcenter/recenteqsww/Quakes/us2008yxbk.php</qu112>
<qu113>  3.0|2008/11/02 14:58:40|  51.4502|-174.4574|  27.50|Andreanof Islands, Aleutian Islands, Alaska|http://earthquake.usgs.gov/eqcenter/recenteqsww/Quakes/ak00075861.php</qu113>
<qu114>  2.5|2008/11/02 14:56:58|  51.5443|-174.5110|  33.90|Andreanof Islands, Aleutian Islands, Alaska|http://earthquake.usgs.gov/eqcenter/recenteqsww/Quakes/ak00075860.php</qu114>
<qu115>  2.6|2008/11/02 14:46:58|  51.8864|-174.7819|  30.70|Andreanof Islands, Aleutian Islands, Alaska|http://earthquake.usgs.gov/eqcenter/recenteqsww/Quakes/ak00075858.php</qu115>
<qu116>  3.0|2008/11/02 14:37:54|  51.4596|-174.4011|  59.00|Andreanof Islands, Aleutian Islands, Alaska|http://earthquake.usgs.gov/eqcenter/recenteqsww/Quakes/ak00075855.php</qu116>
<qu117>  3.3|2008/11/02 14:21:13|  51.7836|-174.6580|  54.10|Andreanof Islands, Aleutian Islands, Alaska|http://earthquake.usgs.gov/eqcenter/recenteqsww/Quakes/ak00075851.php</qu117>
<qu118>  2.7|2008/11/02 14:10:29|  51.7612|-174.6376|  39.70|Andreanof Islands, Aleutian Islands, Alaska|http://earthquake.usgs.gov/eqcenter/recenteqsww/Quakes/ak00075850.php</qu118>
<qu119>  3.0|2008/11/02 13:59:02|  37.3852|-118.4647|   8.70|Central California|http://earthquake.usgs.gov/eqcenter/recenteqsww/Quakes/nc51210490.php</qu119>
<qu120>  4.1|2008/11/02 13:55:19|  51.5312|-174.4917|  10.00|Andreanof Islands, Aleutian Islands, Alaska|http://earthquake.usgs.gov/eqcenter/recenteqsww/Quakes/ak00075843.php</qu120>
<qu121>  2.8|2008/11/02 13:54:02|  19.2273| -64.8203|  44.90|Virgin Islands region|http://earthquake.usgs.gov/eqcenter/recenteqsww/Quakes/prp0830707.php</qu121>
<qu122>  6.1|2008/11/02 13:48:44|  51.6332|-174.3787|  51.40|Andreanof Islands, Aleutian Islands, Alaska|http://earthquake.usgs.gov/eqcenter/recenteqsww/Quakes/us2008yxbh.php</qu122>
<qu123>  4.4|2008/11/02 13:39:58|  51.6946|-174.3613|  47.80|Andreanof Islands, Aleutian Islands, Alaska|http://earthquake.usgs.gov/eqcenter/recenteqsww/Quakes/us2008yxbf.php</qu123>
<qu124>  2.8|2008/11/02 11:54:20|  17.9558| -66.4255|   7.10|Puerto Rico region|http://earthquake.usgs.gov/eqcenter/recenteqsww/Quakes/prp0830704.php</qu124>
<qu125>  2.7|2008/11/02 10:54:37|  51.5839|-177.3947|   0.00|Andreanof Islands, Aleutian Islands, Alaska|http://earthquake.usgs.gov/eqcenter/recenteqsww/Quakes/ak00075809.php</qu125>
<qu126>  4.7|2008/11/02 09:32:01|  -5.9599| 103.6851|  47.80|southern Sumatra, Indonesia|http://earthquake.usgs.gov/eqcenter/recenteqsww/Quakes/us2008yxa6.php</qu126>
<qu127>  2.7|2008/11/02 09:30:47|  51.6576|-174.5368|  30.90|Andreanof Islands, Aleutian Islands, Alaska|http://earthquake.usgs.gov/eqcenter/recenteqsww/Quakes/ak00075796.php</qu127>
<qu128>  4.8|2008/11/02 08:05:21|  17.2292| -62.4187|  10.00|Saint Kitts and Nevis region, Leeward Islands|http://earthquake.usgs.gov/eqcenter/recenteqsww/Quakes/us2008yxa1.php</qu128>
<qu129>  3.7|2008/11/02 08:02:11|  51.1956|-174.1709|  12.60|Andreanof Islands, Aleutian Islands, Alaska|http://earthquake.usgs.gov/eqcenter/recenteqsww/Quakes/ak00075789.php</qu129>
<qu130>  3.3|2008/11/02 08:00:28|  51.7872|-174.6497|  51.30|Andreanof Islands, Aleutian Islands, Alaska|http://earthquake.usgs.gov/eqcenter/recenteqsww/Quakes/ak00075790.php</qu130>
<qu131>  3.0|2008/11/02 07:26:30|  47.3223| -71.2336|  32.10|southern Quebec, Canada|http://earthquake.usgs.gov/eqcenter/recenteqsww/Quakes/ne00001079.php</qu131>
<qu132>  5.1|2008/11/02 05:33:57|  13.5065| 144.9872|  37.50|Guam region|http://earthquake.usgs.gov/eqcenter/recenteqsww/Quakes/us2008yxay.php</qu132>
<qu133>  3.4|2008/11/02 04:44:58|  66.1804|-135.6026|  10.00|northern Yukon Territory, Canada|http://earthquake.usgs.gov/eqcenter/recenteqsww/Quakes/ak00075779.php</qu133>
<qu134>  2.8|2008/11/02 04:33:04|  19.1437| -66.1238|  27.80|Puerto Rico region|http://earthquake.usgs.gov/eqcenter/recenteqsww/Quakes/prp0830701.php</qu134>
<qu135>  3.1|2008/11/02 03:34:35|  37.1640|-121.5547|   5.40|Northern California|http://earthquake.usgs.gov/eqcenter/recenteqsww/Quakes/nc51210469.php</qu135>
<qu136>  2.5|2008/11/02 02:49:36|  19.7845|-155.5672|  12.20|Island of Hawaii, Hawaii|http://earthquake.usgs.gov/eqcenter/recenteqsww/Quakes/hv00031359.php</qu136>
<qu137>  4.7|2008/11/02 02:36:02|  44.9630| 150.7489|  39.00|east of the Kuril Islands|http://earthquake.usgs.gov/eqcenter/recenteqsww/Quakes/us2008yxal.php</qu137>
<qu138>  2.9|2008/11/02 02:13:58|  51.6722|-174.6382|  38.00|Andreanof Islands, Aleutian Islands, Alaska|http://earthquake.usgs.gov/eqcenter/recenteqsww/Quakes/ak00075762.php</qu138>
<qu139>  2.7|2008/11/02 02:00:50|  34.4298| -92.7760|   5.00|Arkansas|http://earthquake.usgs.gov/eqcenter/recenteqsww/Quakes/us2008yxan.php</qu139>
<qu140>  2.5|2008/11/02 01:52:40|  51.6832|-174.6283|  78.10|Andreanof Islands, Aleutian Islands, Alaska|http://earthquake.usgs.gov/eqcenter/recenteqsww/Quakes/ak00075758.php</qu140>
<qu141>  4.5|2008/11/02 01:45:50|  51.4520|-174.3282|  43.00|Andreanof Islands, Aleutian Islands, Alaska|http://earthquake.usgs.gov/eqcenter/recenteqsww/Quakes/us2008yxah.php</qu141>
<qu142>  4.6|2008/11/02 00:39:49|  13.3561|  50.8718|  10.00|Gulf of Aden|http://earthquake.usgs.gov/eqcenter/recenteqsww/Quakes/us2008yxae.php</qu142>
<qu143>  3.7|2008/11/02 00:33:15|  51.3878|-174.4692|  10.00|Andreanof Islands, Aleutian Islands, Alaska|http://earthquake.usgs.gov/eqcenter/recenteqsww/Quakes/ak00075744.php</qu143>
<qu144>  2.7|2008/11/02 00:19:28|  51.3595|-174.3607|  36.40|Andreanof Islands, Aleutian Islands, Alaska|http://earthquake.usgs.gov/eqcenter/recenteqsww/Quakes/ak00075741.php</qu144>
<qu145>  2.7|2008/11/01 23:44:10|  36.5792|-120.6882|  13.20|Central California|http://earthquake.usgs.gov/eqcenter/recenteqsww/Quakes/nc51210449.php</qu145>
<qu146>  4.9|2008/11/01 23:33:50|  51.6214|-174.2865|  37.70|Andreanof Islands, Aleutian Islands, Alaska|http://earthquake.usgs.gov/eqcenter/recenteqsww/Quakes/us2008ywc3.php</qu146>
<qu147>  3.2|2008/11/01 22:59:00|  61.4821|-149.9278|  39.30|Southern Alaska|http://earthquake.usgs.gov/eqcenter/recenteqsww/Quakes/ak00075729.php</qu147>
<qu148>  4.9|2008/11/01 22:49:17|  45.2999| 150.5298|  24.00|Kuril Islands|http://earthquake.usgs.gov/eqcenter/recenteqsww/Quakes/us2008ywcz.php</qu148>
<qu149>  2.9|2008/11/01 21:59:19|  40.2802|-124.4350|  23.00|offshore Northern California|http://earthquake.usgs.gov/eqcenter/recenteqsww/Quakes/nc51210446.php</qu149>
<qu150>  3.6|2008/11/01 21:10:31|  53.5597|-165.2254| 100.00|Fox Islands, Aleutian Islands, Alaska|http://earthquake.usgs.gov/eqcenter/recenteqsww/Quakes/ak00075722.php</qu150>
<qu151>  4.5|2008/11/01 20:40:30| -12.3558| -76.8931|  50.30|near the coast of central Peru|http://earthquake.usgs.gov/eqcenter/recenteqsww/Quakes/us2008ywcp.php</qu151>
<qu152>  2.6|2008/11/01 19:04:31|  18.4682| -67.3628|  41.70|Mona Passage, Puerto Rico|http://earthquake.usgs.gov/eqcenter/recenteqsww/Quakes/prp0830608.php</qu152>
<qu153>  3.3|2008/11/01 18:41:22|  66.8202|-158.2751|   0.00|northern Alaska|http://earthquake.usgs.gov/eqcenter/recenteqsww/Quakes/ak00075714.php</qu153>
<qu154>  3.0|2008/11/01 17:52:04|  55.9286|-161.6247| 100.00|Alaska Peninsula|http://earthquake.usgs.gov/eqcenter/recenteqsww/Quakes/ak00075701.php</qu154>
<qu155>  4.4|2008/11/01 17:02:04|   7.9793| -77.3423|  36.90|Panama-Colombia border region|http://earthquake.usgs.gov/eqcenter/recenteqsww/Quakes/us2008ywbx.php</qu155>
<qu156>  4.6|2008/11/01 16:48:28| -12.5767| 166.9482| 216.90|Santa Cruz Islands|http://earthquake.usgs.gov/eqcenter/recenteqsww/Quakes/us2008ywb5.php</qu156>
<qu157>  2.7|2008/11/01 16:19:07|  51.3822|-174.4141|  10.00|Andreanof Islands, Aleutian Islands, Alaska|http://earthquake.usgs.gov/eqcenter/recenteqsww/Quakes/ak00075693.php</qu157>
<qu158>  4.5|2008/11/01 14:55:25|  30.5440|  67.5429|   1.40|Pakistan|http://earthquake.usgs.gov/eqcenter/recenteqsww/Quakes/us2008ywbk.php</qu158>
<qu159>  3.5|2008/11/01 14:04:46|  51.4943|-177.5921|  48.90|Andreanof Islands, Aleutian Islands, Alaska|http://earthquake.usgs.gov/eqcenter/recenteqsww/Quakes/ak00075688.php</qu159>
<qu160>  2.9|2008/11/01 13:55:19|  18.5557| -64.9222| 115.30|Virgin Islands region|http://earthquake.usgs.gov/eqcenter/recenteqsww/Quakes/prp0830606.php</qu160>
<qu161>  2.8|2008/11/01 13:46:18|  51.5023|-174.5568|  29.00|Andreanof Islands, Aleutian Islands, Alaska|http://earthquake.usgs.gov/eqcenter/recenteqsww/Quakes/ak00075686.php</qu161>
<qu162>  2.8|2008/11/01 13:16:44|  17.8387| -65.1167|  15.00|Virgin Islands region|http://earthquake.usgs.gov/eqcenter/recenteqsww/Quakes/prp0830605.php</qu162>
<qu163>  2.8|2008/11/01 13:13:14|  55.1330|-162.3683|   7.90|Alaska Peninsula|http://earthquake.usgs.gov/eqcenter/recenteqsww/Quakes/ak00075677.php</qu163>
<qu164>  3.6|2008/11/01 12:14:13|  51.7803|-174.6357|  57.20|Andreanof Islands, Aleutian Islands, Alaska|http://earthquake.usgs.gov/eqcenter/recenteqsww/Quakes/ak00075666.php</qu164>
<qu165>  2.7|2008/11/01 11:54:30|  32.8736| -96.9677|   5.00|northern Texas|http://earthquake.usgs.gov/eqcenter/recenteqsww/Quakes/us2008ywbd.php</qu165>
<qu166>  2.5|2008/11/01 11:53:46|  32.7659| -97.0352|   5.00|northern Texas|http://earthquake.usgs.gov/eqcenter/recenteqsww/Quakes/us2008ywbc.php</qu166>
<qu167>  3.5|2008/11/01 11:31:38|  51.1966|-174.1604|  19.90|Andreanof Islands, Aleutian Islands, Alaska|http://earthquake.usgs.gov/eqcenter/recenteqsww/Quakes/ak00075662.php</qu167>
<qu168>  3.3|2008/11/01 11:26:34|  51.1751|-174.1283|  32.40|Andreanof Islands, Aleutian Islands, Alaska|http://earthquake.usgs.gov/eqcenter/recenteqsww/Quakes/ak00075658.php</qu168>
<qu169>  3.6|2008/11/01 11:23:34|  51.1938|-174.2453|   6.00|Andreanof Islands, Aleutian Islands, Alaska|http://earthquake.usgs.gov/eqcenter/recenteqsww/Quakes/ak00075656.php</qu169>
<qu170>  4.5|2008/11/01 10:23:47|  -7.0095| 129.4874| 120.20|Kepulauan Babar, Indonesia|http://earthquake.usgs.gov/eqcenter/recenteqsww/Quakes/us2008ywa7.php</qu170>
<qu171>  4.9|2008/11/01 09:23:13|  18.4457| 147.1609|  60.30|Mariana Islands region|http://earthquake.usgs.gov/eqcenter/recenteqsww/Quakes/us2008ywa3.php</qu171>
<qu172>  4.2|2008/11/01 09:22:48|  51.5022|-174.3947|  38.60|Andreanof Islands, Aleutian Islands, Alaska|http://earthquake.usgs.gov/eqcenter/recenteqsww/Quakes/us2008ywa2.php</qu172>
<qu173>  2.9|2008/11/01 07:05:41|  51.1796|-178.4510|  23.60|Andreanof Islands, Aleutian Islands, Alaska|http://earthquake.usgs.gov/eqcenter/recenteqsww/Quakes/ak00075642.php</qu173>
<qu174>  4.7|2008/11/01 06:50:35|  51.9891| 158.7343|  73.50|near the east coast of the Kamchatka Peninsula, Russia|http://earthquake.usgs.gov/eqcenter/recenteqsww/Quakes/us2008ywaw.php</qu174>
<qu175>  2.8|2008/11/01 05:12:19|  32.6588|-116.0401|   6.00|Southern California|http://earthquake.usgs.gov/eqcenter/recenteqsww/Quakes/ci10357333.php</qu175>
<qu176>  4.4|2008/11/01 05:10:37|  10.6014| 126.0566| 100.30|Philippine Islands region|http://earthquake.usgs.gov/eqcenter/recenteqsww/Quakes/us2008ywat.php</qu176>
<qu177>  3.7|2008/11/01 04:35:24|  51.3452|-174.2670|  25.00|Andreanof Islands, Aleutian Islands, Alaska|http://earthquake.usgs.gov/eqcenter/recenteqsww/Quakes/ak00075615.php</qu177>
<qu178>  2.8|2008/11/01 04:27:03|  51.5742|-174.3328| 100.00|Andreanof Islands, Aleutian Islands, Alaska|http://earthquake.usgs.gov/eqcenter/recenteqsww/Quakes/ak00075613.php</qu178>
<qu179>  3.1|2008/11/01 04:18:28|  19.0257| -64.8967|  54.00|Virgin Islands region|http://earthquake.usgs.gov/eqcenter/recenteqsww/Quakes/prp0830603.php</qu179>
<qu180>  5.0|2008/11/01 04:07:56|  -3.3779| 148.6984|  10.00|Bismarck Sea|http://earthquake.usgs.gov/eqcenter/recenteqsww/Quakes/us2008ywan.php</qu180>
<qu181>  2.6|2008/11/01 03:58:20|  66.4591|-157.7264|  20.90|northern Alaska|http://earthquake.usgs.gov/eqcenter/recenteqsww/Quakes/ak00075611.php</qu181>
<qu182>  3.5|2008/11/01 03:33:58|  66.4325|-157.9087|  16.50|northern Alaska|http://earthquake.usgs.gov/eqcenter/recenteqsww/Quakes/ak00075609.php</qu182>
<qu183>  2.5|2008/11/01 03:32:42|  51.6245|-174.6548|  15.30|Andreanof Islands, Aleutian Islands, Alaska|http://earthquake.usgs.gov/eqcenter/recenteqsww/Quakes/ak00075608.php</qu183>
<qu184>  3.6|2008/11/01 02:57:16|  51.1446|-174.1134|   7.40|Andreanof Islands, Aleutian Islands, Alaska|http://earthquake.usgs.gov/eqcenter/recenteqsww/Quakes/ak00075600.php</qu184>
<qu185>  3.2|2008/11/01 02:46:32|  36.5308|-121.9185|  10.00|Central California|http://earthquake.usgs.gov/eqcenter/recenteqsww/Quakes/nc51210418.php</qu185>
<qu186>  2.6|2008/11/01 02:01:15|  66.4686|-157.5328|  17.70|northern Alaska|http://earthquake.usgs.gov/eqcenter/recenteqsww/Quakes/ak00075594.php</qu186>
<qu187>  3.1|2008/11/01 01:36:46|  19.4657| -66.3413|  50.60|Puerto Rico region|http://earthquake.usgs.gov/eqcenter/recenteqsww/Quakes/prp0830602.php</qu187>
<qu188>  5.8|2008/11/01 01:34:26|  -6.6412| 129.2580|  10.00|Banda Sea|http://earthquake.usgs.gov/eqcenter/recenteqsww/Quakes/us2008ywah.php</qu188>
<qu189>  6.0|2008/11/01 01:13:10|  -3.3954| 148.5433|  10.00|Bismarck Sea|http://earthquake.usgs.gov/eqcenter/recenteqsww/Quakes/us2008ywae.php</qu189>
<qu190>  3.0|2008/11/01 00:48:28|  18.4237| -68.0892|  92.20|Mona Passage, Dominican Republic|http://earthquake.usgs.gov/eqcenter/recenteqsww/Quakes/prp0830601.php</qu190>
<qu191>  2.5|2008/11/01 00:33:51|  51.5880|-174.6679|  13.40|Andreanof Islands, Aleutian Islands, Alaska|http://earthquake.usgs.gov/eqcenter/recenteqsww/Quakes/ak00075501.php</qu191>
<qu192>  3.1|2008/11/01 00:10:07|  53.9122|-166.2722|   9.80|Fox Islands, Aleutian Islands, Alaska|http://earthquake.usgs.gov/eqcenter/recenteqsww/Quakes/ak00075490.php</qu192>
<qu193>  2.7|2008/11/01 00:05:29|  51.9078|-174.7845|  36.80|Andreanof Islands, Aleutian Islands, Alaska|http://earthquake.usgs.gov/eqcenter/recenteqsww/Quakes/ak00075489.php</qu193>
<qu194>  5.1|2008/10/31 23:59:53|  30.5644|  67.5336|  10.00|Pakistan|http://earthquake.usgs.gov/eqcenter/recenteqsww/Quakes/us2008yvdl.php</qu194>
<qu195>  2.5|2008/10/31 23:52:48|  51.3570|-174.3964|   8.10|Andreanof Islands, Aleutian Islands, Alaska|http://earthquake.usgs.gov/eqcenter/recenteqsww/Quakes/ak00075484.php</qu195>
<qu196>  5.0|2008/10/31 23:26:40|  51.4782|-174.4624|  43.50|Andreanof Islands, Aleutian Islands, Alaska|http://earthquake.usgs.gov/eqcenter/recenteqsww/Quakes/us2008yvdi.php</qu196>
<qu197>  2.6|2008/10/31 23:25:11|  51.3391|-174.3502|   5.00|Andreanof Islands, Aleutian Islands, Alaska|http://earthquake.usgs.gov/eqcenter/recenteqsww/Quakes/ak00075470.php</qu197>
<qu198>  2.8|2008/10/31 23:21:45|  51.3495|-174.4120|   5.20|Andreanof Islands, Aleutian Islands, Alaska|http://earthquake.usgs.gov/eqcenter/recenteqsww/Quakes/ak00075480.php</qu198>
<qu199>  2.6|2008/10/31 23:19:28|  51.3156|-174.2274|   7.20|Andreanof Islands, Aleutian Islands, Alaska|http://earthquake.usgs.gov/eqcenter/recenteqsww/Quakes/ak00075465.php</qu199>
<qu200>  4.9|2008/10/31 23:05:16|  51.4257|-174.3322|  44.70|Andreanof Islands, Aleutian Islands, Alaska|http://earthquake.usgs.gov/eqcenter/recenteqsww/Quakes/us2008yvdg.php</qu200>
<qu201>  4.4|2008/10/31 23:05:07|  51.4159|-174.3362|  42.70|Andreanof Islands, Aleutian Islands, Alaska|http://earthquake.usgs.gov/eqcenter/recenteqsww/Quakes/us2008yvdm.php</qu201>
<qu202>  4.3|2008/10/31 22:55:35|  36.5683|  70.0764| 213.00|Hindu Kush region, Afghanistan|http://earthquake.usgs.gov/eqcenter/recenteqsww/Quakes/us2008yvdd.php</qu202>
<qu203>  2.9|2008/10/31 22:51:58|  51.2579|-174.2441|  26.90|Andreanof Islands, Aleutian Islands, Alaska|http://earthquake.usgs.gov/eqcenter/recenteqsww/Quakes/ak00075457.php</qu203>
<qu204>  3.1|2008/10/31 22:34:10|  51.3578|-174.3792|  10.80|Andreanof Islands, Aleutian Islands, Alaska|http://earthquake.usgs.gov/eqcenter/recenteqsww/Quakes/ak00075449.php</qu204>
<qu205>  2.8|2008/10/31 22:32:36|  51.2839|-174.3483|   7.60|Andreanof Islands, Aleutian Islands, Alaska|http://earthquake.usgs.gov/eqcenter/recenteqsww/Quakes/ak00075450.php</qu205>
<qu206>  2.5|2008/10/31 22:24:57|  51.3123|-174.4296|   7.60|Andreanof Islands, Aleutian Islands, Alaska|http://earthquake.usgs.gov/eqcenter/recenteqsww/Quakes/ak00075448.php</qu206>
<qu207>  2.8|2008/10/31 22:22:58|  51.3111|-174.3706|  12.70|Andreanof Islands, Aleutian Islands, Alaska|http://earthquake.usgs.gov/eqcenter/recenteqsww/Quakes/ak00075441.php</qu207>
<qu208>  2.6|2008/10/31 22:21:02|  51.4592|-174.4358|  15.00|Andreanof Islands, Aleutian Islands, Alaska|http://earthquake.usgs.gov/eqcenter/recenteqsww/Quakes/ak00075437.php</qu208>
<qu209>  3.4|2008/10/31 22:19:09|  51.4450|-174.4351|   3.90|Andreanof Islands, Aleutian Islands, Alaska|http://earthquake.usgs.gov/eqcenter/recenteqsww/Quakes/ak00075436.php</qu209>
<qu210>  5.1|2008/10/31 22:10:36|  51.6168|-174.4273|  44.50|Andreanof Islands, Aleutian Islands, Alaska|http://earthquake.usgs.gov/eqcenter/recenteqsww/Quakes/us2008yvc8.php</qu210>
<qu211>  4.0|2008/10/31 21:24:34|  36.4694|  68.6973|  70.90|Hindu Kush region, Afghanistan|http://earthquake.usgs.gov/eqcenter/recenteqsww/Quakes/us2008yvc1.php</qu211>
<qu212>  2.9|2008/10/31 21:01:01|  32.7880| -97.0283|   5.00|northern Texas|http://earthquake.usgs.gov/eqcenter/recenteqsww/Quakes/us2008yvc3.php</qu212>
<qu213>  2.8|2008/10/31 20:59:49|  51.4686|-174.4637|   0.90|Andreanof Islands, Aleutian Islands, Alaska|http://earthquake.usgs.gov/eqcenter/recenteqsww/Quakes/ak00075424.php</qu213>
<qu214>  2.9|2008/10/31 20:54:18|  32.8313| -97.0277|   5.00|northern Texas|http://earthquake.usgs.gov/eqcenter/recenteqsww/Quakes/us2008yvc2.php</qu214>
<qu215>  4.6|2008/10/31 20:07:46|   4.0431| -76.2451|  59.70|Colombia|http://earthquake.usgs.gov/eqcenter/recenteqsww/Quakes/us2008yvcu.php</qu215>
<qu216>  3.7|2008/10/31 19:28:29|  39.6563|  73.6357|  35.00|Kyrgyzstan|http://earthquake.usgs.gov/eqcenter/recenteqsww/Quakes/us2008yvcj.php</qu216>
<qu217>  3.1|2008/10/31 18:51:28|  18.9292| -65.3393|  71.60|Puerto Rico region|http://earthquake.usgs.gov/eqcenter/recenteqsww/Quakes/prp0830508.php</qu217>
<qu218>  2.9|2008/10/31 18:46:22|  19.1335| -65.1133|  38.50|Virgin Islands region|http://earthquake.usgs.gov/eqcenter/recenteqsww/Quakes/prp0830507.php</qu218>
<qu219>  2.5|2008/10/31 18:44:35|  63.3613|-145.2014|   3.20|Central Alaska|http://earthquake.usgs.gov/eqcenter/recenteqsww/Quakes/ak00075406.php</qu219>
<qu220>  2.7|2008/10/31 18:10:23|  51.3565|-174.2861|   9.70|Andreanof Islands, Aleutian Islands, Alaska|http://earthquake.usgs.gov/eqcenter/recenteqsww/Quakes/ak00075405.php</qu220>
<qu221>  4.6|2008/10/31 17:08:15|  52.0290|-169.9092|  21.80|Fox Islands, Aleutian Islands, Alaska|http://earthquake.usgs.gov/eqcenter/recenteqsww/Quakes/us2008yvb7.php</qu221>
<qu222>  2.9|2008/10/31 16:37:34|  35.7700| -84.0000|   7.60|eastern Tennessee|http://earthquake.usgs.gov/eqcenter/recenteqsww/Quakes/semmw1031a.php</qu222>
<qu223>  2.8|2008/10/31 16:30:37|  51.3978|-174.3957|  16.50|Andreanof Islands, Aleutian Islands, Alaska|http://earthquake.usgs.gov/eqcenter/recenteqsww/Quakes/ak00075383.php</qu223>
<qu224>  4.0|2008/10/31 16:19:37|  51.5620|-174.5477|  24.70|Andreanof Islands, Aleutian Islands, Alaska|http://earthquake.usgs.gov/eqcenter/recenteqsww/Quakes/ak00075371.php</qu224>
<qu225>  3.5|2008/10/31 16:17:40|  51.4786|-174.3759|  27.10|Andreanof Islands, Aleutian Islands, Alaska|http://earthquake.usgs.gov/eqcenter/recenteqsww/Quakes/ak00075370.php</qu225>
<qu226>  3.0|2008/10/31 16:03:00|  63.8891|-148.7038|  13.70|Central Alaska|http://earthquake.usgs.gov/eqcenter/recenteqsww/Quakes/ak00075364.php</qu226>
<qu227>  3.1|2008/10/31 15:42:04|  51.3763|-174.3578|   5.30|Andreanof Islands, Aleutian Islands, Alaska|http://earthquake.usgs.gov/eqcenter/recenteqsww/Quakes/ak00075360.php</qu227>
<qu228>  3.3|2008/10/31 15:15:38|  51.4227|-174.3920|  15.80|Andreanof Islands, Aleutian Islands, Alaska|http://earthquake.usgs.gov/eqcenter/recenteqsww/Quakes/ak00075357.php</qu228>
<qu229>  3.9|2008/10/31 14:47:27|  51.5845|-174.6074|   5.40|Andreanof Islands, Aleutian Islands, Alaska|http://earthquake.usgs.gov/eqcenter/recenteqsww/Quakes/ak00075353.php</qu229>
<qu230>  2.5|2008/10/31 14:43:39|  51.4542|-174.4122|  15.20|Andreanof Islands, Aleutian Islands, Alaska|http://earthquake.usgs.gov/eqcenter/recenteqsww/Quakes/ak00075349.php</qu230>
<qu231>  2.8|2008/10/31 14:35:12|  51.3177|-174.3428|  12.00|Andreanof Islands, Aleutian Islands, Alaska|http://earthquake.usgs.gov/eqcenter/recenteqsww/Quakes/ak00076126.php</qu231>
<qu232>  3.6|2008/10/31 14:34:09|  51.4183|-174.4372|  10.30|Andreanof Islands, Aleutian Islands, Alaska|http://earthquake.usgs.gov/eqcenter/recenteqsww/Quakes/ak00076125.php</qu232>
<qu233>  4.1|2008/10/31 14:32:41|  51.4449|-174.3480|  19.20|Andreanof Islands, Aleutian Islands, Alaska|http://earthquake.usgs.gov/eqcenter/recenteqsww/Quakes/ak00075343.php</qu233>
<qu234>  4.4|2008/10/31 14:23:01|  51.4490|-174.3900|  18.90|Andreanof Islands, Aleutian Islands, Alaska|http://earthquake.usgs.gov/eqcenter/recenteqsww/Quakes/ak00075339.php</qu234>
<qu235>  2.6|2008/10/31 14:12:32|  51.3533|-174.3251|  14.60|Andreanof Islands, Aleutian Islands, Alaska|http://earthquake.usgs.gov/eqcenter/recenteqsww/Quakes/ak00075337.php</qu235>
<qu236>  2.8|2008/10/31 13:48:03|  19.0590| -66.8202|   7.90|Puerto Rico region|http://earthquake.usgs.gov/eqcenter/recenteqsww/Quakes/prp0830505.php</qu236>
<qu237>  4.3|2008/10/31 13:34:50|  26.3796|-110.9537|  10.00|Gulf of California|http://earthquake.usgs.gov/eqcenter/recenteqsww/Quakes/us2008yvbl.php</qu237>
<qu238>  5.2|2008/10/31 13:30:01| -11.4758|  66.4814|  10.00|Mid-Indian Ridge|http://earthquake.usgs.gov/eqcenter/recenteqsww/Quakes/us2008yvdn.php</qu238>
<qu239>  4.7|2008/10/31 13:29:40| -11.6368|  66.2766|  10.00|Mid-Indian Ridge|http://earthquake.usgs.gov/eqcenter/recenteqsww/Quakes/us2008yvbm.php</qu239>
<qu240>  2.5|2008/10/31 13:23:10|  63.3431|-151.1885|   7.60|Central Alaska|http://earthquake.usgs.gov/eqcenter/recenteqsww/Quakes/ak00075334.php</qu240>
<qu241>  3.0|2008/10/31 12:01:06|  51.3024|-174.2331|  12.80|Andreanof Islands, Aleutian Islands, Alaska|http://earthquake.usgs.gov/eqcenter/recenteqsww/Quakes/ak00075372.php</qu241>
<qu242>  4.8|2008/10/31 11:44:27|  51.6361|-174.3531|  49.60|Andreanof Islands, Aleutian Islands, Alaska|http://earthquake.usgs.gov/eqcenter/recenteqsww/Quakes/us2008yvbf.php</qu242>
<qu243>  3.3|2008/10/31 08:59:10|  19.2217| -64.8567|  32.20|Virgin Islands region|http://earthquake.usgs.gov/eqcenter/recenteqsww/Quakes/prp0830504.php</qu243>
<qu244>  2.9|2008/10/31 07:58:23|  32.8318| -97.0124|   5.00|northern Texas|http://earthquake.usgs.gov/eqcenter/recenteqsww/Quakes/us2008yvaw.php</qu244>
<qu245>  4.4|2008/10/31 06:58:04|  28.3334| 138.5498| 528.40|Bonin Islands, Japan region|http://earthquake.usgs.gov/eqcenter/recenteqsww/Quakes/us2008yvat.php</qu245>
<qu246>  3.3|2008/10/31 06:45:08|  16.8110| -64.0240|  34.60|Caribbean Sea|http://earthquake.usgs.gov/eqcenter/recenteqsww/Quakes/us2008yvdq.php</qu246>
<qu247>  2.6|2008/10/31 06:23:44|  32.7987| -97.0453|   5.00|northern Texas|http://earthquake.usgs.gov/eqcenter/recenteqsww/Quakes/us2008yvba.php</qu247>
<qu248>  2.5|2008/10/31 05:46:31|  32.7554| -97.0165|   5.00|northern Texas|http://earthquake.usgs.gov/eqcenter/recenteqsww/Quakes/us2008yva7.php</qu248>
<qu249>  2.6|2008/10/31 05:33:45|  32.8715| -96.9705|   5.00|northern Texas|http://earthquake.usgs.gov/eqcenter/recenteqsww/Quakes/us2008yvan.php</qu249>
<qu250>  3.0|2008/10/31 05:01:54|  32.8359| -97.0290|   5.00|northern Texas|http://earthquake.usgs.gov/eqcenter/recenteqsww/Quakes/us2008yvas.php</qu250>
<qu251>  2.6|2008/10/31 04:25:52|  32.8000| -97.0164|   5.00|northern Texas|http://earthquake.usgs.gov/eqcenter/recenteqsww/Quakes/us2008yvar.php</qu251>
<qu252>  3.0|2008/10/31 02:36:47|  18.7580| -64.2923|  34.10|Virgin Islands region|http://earthquake.usgs.gov/eqcenter/recenteqsww/Quakes/prp0830501.php</qu252>
<qu253>  4.8|2008/10/31 02:06:12|  31.9227| 104.6125|  10.00|eastern Sichuan, China|http://earthquake.usgs.gov/eqcenter/recenteqsww/Quakes/us2008yvaf.php</qu253>
<qu254>  2.7|2008/10/31 00:14:15|  51.8217|-174.1575|  60.10|Andreanof Islands, Aleutian Islands, Alaska|http://earthquake.usgs.gov/eqcenter/recenteqsww/Quakes/ak00075283.php</qu254>
<qu255>  5.2|2008/10/31 00:00:00|  52.1000|-175.9000| 178.00|Andreanof Islands, Aleutian Islands, Alaska|http://earthquake.usgs.gov/eqcenter/recenteqsww/Quakes/pt08305012.php</qu255>
<qu256>  2.5|2008/10/30 23:23:27|  34.2648|-117.5555|   6.40|Southern California|http://earthquake.usgs.gov/eqcenter/recenteqsww/Quakes/ci10357133.php</qu256>
<qu257>  3.0|2008/10/30 22:52:47|  66.3228|-157.5950|  13.00|northern Alaska|http://earthquake.usgs.gov/eqcenter/recenteqsww/Quakes/ak00075206.php</qu257>
<qu258>  5.0|2008/10/30 22:38:11|   1.4260| 126.9977|  93.80|Molucca Sea|http://earthquake.usgs.gov/eqcenter/recenteqsww/Quakes/us2008yudu.php</qu258>
<qu259>  4.3|2008/10/30 22:35:03|  30.5430|  67.5026|  10.00|Pakistan|http://earthquake.usgs.gov/eqcenter/recenteqsww/Quakes/us2008yuds.php</qu259>
<qu260>  4.1|2008/10/30 21:05:16|  35.2947|  81.3031|  10.00|Xinjiang-Xizang border region|http://earthquake.usgs.gov/eqcenter/recenteqsww/Quakes/us2008yude.php</qu260>
<qu261>  2.7|2008/10/30 20:34:16|  52.0941|-170.8779|  11.00|Fox Islands, Aleutian Islands, Alaska|http://earthquake.usgs.gov/eqcenter/recenteqsww/Quakes/ak00075578.php</qu261>
<qu262>  2.6|2008/10/30 19:21:00|  61.5080|-148.2068|  12.10|Southern Alaska|http://earthquake.usgs.gov/eqcenter/recenteqsww/Quakes/ak00075193.php</qu262>
<qu263>  3.6|2008/10/30 17:44:55|  66.4075|-157.5936|   8.30|northern Alaska|http://earthquake.usgs.gov/eqcenter/recenteqsww/Quakes/ak00075183.php</qu263>
<qu264>  3.1|2008/10/30 17:09:39|  33.5388|-116.5781|  13.00|Southern California|http://earthquake.usgs.gov/eqcenter/recenteqsww/Quakes/ci10357093.php</qu264>
<qu265>  3.1|2008/10/30 16:25:00|  35.4433| -97.1185|   5.00|Oklahoma|http://earthquake.usgs.gov/eqcenter/recenteqsww/Quakes/us2008yucs.php</qu265>
<qu266>  2.5|2008/10/30 16:14:29|  51.2865|-176.2375|  15.00|Andreanof Islands, Aleutian Islands, Alaska|http://earthquake.usgs.gov/eqcenter/recenteqsww/Quakes/ak00075182.php</qu266>
<qu267>  3.9|2008/10/30 16:06:42|  52.7002|-168.1985|  20.30|Fox Islands, Aleutian Islands, Alaska|http://earthquake.usgs.gov/eqcenter/recenteqsww/Quakes/ak00075178.php</qu267>
<qu268>  6.0|2008/10/30 15:15:41|  -9.0297|-108.2576|  10.00|central East Pacific Rise|http://earthquake.usgs.gov/eqcenter/recenteqsww/Quakes/us2008yucc.php</qu268>
<qu269>  3.0|2008/10/30 14:43:51|  32.7593|-117.3458|  11.30|Channel Islands region, California|http://earthquake.usgs.gov/eqcenter/recenteqsww/Quakes/ci10357065.php</qu269>
<qu270>  3.3|2008/10/30 14:12:14|  51.1447|-176.2247|  25.70|Andreanof Islands, Aleutian Islands, Alaska|http://earthquake.usgs.gov/eqcenter/recenteqsww/Quakes/ak00075167.php</qu270>
<qu271>  2.9|2008/10/30 11:55:30|  19.0528| -64.8463|  11.80|Virgin Islands region|http://earthquake.usgs.gov/eqcenter/recenteqsww/Quakes/prp0830402.php</qu271>
<qu272>  2.6|2008/10/30 11:34:59|  61.5177|-150.6346|  52.10|Southern Alaska|http://earthquake.usgs.gov/eqcenter/recenteqsww/Quakes/ak00075156.php</qu272>
<qu273>  2.5|2008/10/30 08:49:58|  66.4093|-157.8878|  12.50|northern Alaska|http://earthquake.usgs.gov/eqcenter/recenteqsww/Quakes/ak00075547.php</qu273>
<qu274>  3.1|2008/10/30 08:41:00|  66.3040|-157.7021|   7.50|northern Alaska|http://earthquake.usgs.gov/eqcenter/recenteqsww/Quakes/ak00075152.php</qu274>
<qu275>  2.5|2008/10/30 08:40:48|  62.1963|-145.6153|  18.60|Central Alaska|http://earthquake.usgs.gov/eqcenter/recenteqsww/Quakes/ak00075148.php</qu275>
<qu276>  2.8|2008/10/30 07:35:51|  54.1438|-163.1203|  14.70|Unimak Island region, Alaska|http://earthquake.usgs.gov/eqcenter/recenteqsww/Quakes/ak00075146.php</qu276>
<qu277>  4.8|2008/10/30 07:19:04| -16.4890|-173.5782|  96.00|Tonga|http://earthquake.usgs.gov/eqcenter/recenteqsww/Quakes/us2008yubi.php</qu277>
<qu278>  4.7|2008/10/30 07:16:20|  30.3833|  67.4554|  10.00|Pakistan|http://earthquake.usgs.gov/eqcenter/recenteqsww/Quakes/us2008yubu.php</qu278>
<qu279>  3.3|2008/10/30 06:49:38|  33.0641|-115.9100|   2.10|Southern California|http://earthquake.usgs.gov/eqcenter/recenteqsww/Quakes/ci10356925.php</qu279>
<qu280>  2.5|2008/10/30 06:39:53|  66.4229|-157.3545|   5.10|northern Alaska|http://earthquake.usgs.gov/eqcenter/recenteqsww/Quakes/ak00075139.php</qu280>
<qu281>  2.5|2008/10/30 05:57:08|  33.0653|-115.9151|   1.80|Southern California|http://earthquake.usgs.gov/eqcenter/recenteqsww/Quakes/ci10356901.php</qu281>
<qu282>  4.6|2008/10/30 05:47:33|   6.7372| 123.8019| 568.40|Moro Gulf, Mindanao, Philippines|http://earthquake.usgs.gov/eqcenter/recenteqsww/Quakes/us2008yua9.php</qu282>
<qu283>  2.5|2008/10/30 05:36:54|  54.5022|-161.4858|  14.20|Alaska Peninsula|http://earthquake.usgs.gov/eqcenter/recenteqsww/Quakes/ak00075534.php</qu283>
<qu284>  2.8|2008/10/30 05:21:56|  33.0580|-115.9060|   1.90|Southern California|http://earthquake.usgs.gov/eqcenter/recenteqsww/Quakes/ci10356893.php</qu284>
<qu285>  4.6|2008/10/30 05:14:48|  18.3758| 120.7623|  45.70|Luzon, Philippines|http://earthquake.usgs.gov/eqcenter/recenteqsww/Quakes/us2008yua3.php</qu285>
<qu286>  2.6|2008/10/30 05:09:01|  33.0485|-115.9018|   1.90|Southern California|http://earthquake.usgs.gov/eqcenter/recenteqsww/Quakes/ci10356881.php</qu286>
<qu287>  2.6|2008/10/30 04:43:58|  20.1061|-155.9627|  16.60|Hawaii region, Hawaii|http://earthquake.usgs.gov/eqcenter/recenteqsww/Quakes/hv00031298.php</qu287>
<qu288>  2.8|2008/10/30 04:17:48|  33.0531|-115.9025|   0.90|Southern California|http://earthquake.usgs.gov/eqcenter/recenteqsww/Quakes/ci10356817.php</qu288>
<qu289>  2.6|2008/10/30 04:17:07|  33.0535|-115.9063|   1.20|Southern California|http://earthquake.usgs.gov/eqcenter/recenteqsww/Quakes/ci10356813.php</qu289>
<qu290>  2.5|2008/10/30 04:16:30|  33.0710|-115.9153|   2.70|Southern California|http://earthquake.usgs.gov/eqcenter/recenteqsww/Quakes/ci10356809.php</qu290>
<qu291>  2.9|2008/10/30 04:14:51|  33.0545|-115.9003|   1.70|Southern California|http://earthquake.usgs.gov/eqcenter/recenteqsww/Quakes/ci10356805.php</qu291>
<qu292>  2.8|2008/10/30 04:09:20|  33.0683|-115.9096|   2.50|Southern California|http://earthquake.usgs.gov/eqcenter/recenteqsww/Quakes/ci10356797.php</qu292>
<qu293>  2.5|2008/10/30 04:04:17|  33.0608|-115.9190|   0.90|Southern California|http://earthquake.usgs.gov/eqcenter/recenteqsww/Quakes/ci10356785.php</qu293>
<qu294>  2.6|2008/10/30 04:02:58|  33.0646|-115.9073|   2.80|Southern California|http://earthquake.usgs.gov/eqcenter/recenteqsww/Quakes/ci10356781.php</qu294>
<qu295>  2.7|2008/10/30 04:01:46|  33.0706|-115.9168|   1.90|Southern California|http://earthquake.usgs.gov/eqcenter/recenteqsww/Quakes/ci10356773.php</qu295>
<qu296>  3.5|2008/10/30 03:52:43|  33.0533|-115.9031|   2.00|Southern California|http://earthquake.usgs.gov/eqcenter/recenteqsww/Quakes/ci10356753.php</qu296>
<qu297>  3.6|2008/10/30 03:49:45|  33.0570|-115.9046|   1.20|Southern California|http://earthquake.usgs.gov/eqcenter/recenteqsww/Quakes/ci10356741.php</qu297>
<qu298>  2.8|2008/10/30 03:49:21|  33.0653|-115.9130|   1.20|Southern California|http://earthquake.usgs.gov/eqcenter/recenteqsww/Quakes/ci10356737.php</qu298>
<qu299>  3.0|2008/10/30 03:48:12|  33.0628|-115.9093|   1.40|Southern California|http://earthquake.usgs.gov/eqcenter/recenteqsww/Quakes/ci10356729.php</qu299>
<qu300>  2.5|2008/10/30 03:44:53|  33.0608|-115.9050|   3.10|Southern California|http://earthquake.usgs.gov/eqcenter/recenteqsww/Quakes/ci10356725.php</qu300>
</quakes>
<quakes>
<wequ001>  9.5|1960/05/22 19:11:14|  -38.24|-73.05|   0.0|Chile, #1|http://earthquake.usgs.gov/regional/world/events/1960_05_22.php</wequ001>
<wequ002>  9.2|1964/03/28 03:36:14|  61.02|-147.65|   0.0|Prince William Sound, Alaska, #2|http://earthquake.usgs.gov/regional/states/events/1964_03_28.php</wequ002>
<wequ003>  9.1|2004/12/26 00:58:53|  3.30|95.78|   0.0|West Coast, Northern Sumatra, #3|http://earthquake.usgs.gov/eqcenter/eqinthenews/2004/usslav/</wequ003>
<wequ004>  9.0|1952/11/04 16:58:26|  52.76|160.06|   0.0|Kamchatka, #4|http://earthquake.usgs.gov/regional/world/events/1952_11_04.php</wequ004>
<wequ005>  8.8|1906/01/31 15:35:00|  1.0|-81.5|   0.0|Off the Coast of Ecuador, #5|http://earthquake.usgs.gov/regional/world/events/1906_01_31.php</wequ005>
<wequ006>  8.7|1965/02/04 05:01:00|  51.21|178.50|   0.0|Rat Islands, Alaska, #6|http://earthquake.usgs.gov/regional/states/events/1965_02_04.php</wequ006>
<wequ007>  8.7|1755/11/01 10:16:00|  36.0|-11.0|   0.0|near Lisbon, Portugal|http://earthquake.usgs.gov/regional/world/events/1755_11_01.php</wequ007>
<wequ008>  8.6|2005/03/28 16:09:36|  2.08|97.01|   0.0|Northern Sumatra, Indonesia, #7|http://earthquake.usgs.gov/eqcenter/eqinthenews/2005/usweax/</wequ008>
<wequ009>  8.6|1950/08/15 14:09:00|  28.5|96.5|   0.0|Assam, Tibet, #8|http://earthquake.usgs.gov/regional/world/events/1950_08_15.php</wequ009>
<wequ010>  8.6|1957/03/09 14:22:31|  51.56|-175.39|   0.0|Andreanof Islands, Alaska, #9|http://earthquake.usgs.gov/regional/states/events/1957_03_09.php</wequ010>
<wequ011>  8.6|1938/02/01 19:04:00|  -5.05|131.62|   0.0|Banda Sea, Indonesia, #10|http://earthquake.usgs.gov/regional/world/events/1938_02_01.php</wequ011>
<wequ012>  8.5|1923/02/03 00:00:00|  54.0|161.0|   0.0|Kamchatka, #11|http://earthquake.usgs.gov/regional/world/10_largest_world.php</wequ012>
<wequ013>  8.5|1922/11/11 04:32:00|  -28.55|-70.5|   0.0|Chile-Argentina Border, #12|http://earthquake.usgs.gov/regional/world/events/1922_11_11.php</wequ013>
<wequ014>  8.5|1963/10/13 00:00:00|  44.9|149.6|   0.0|Kuril Islands, #13|http://earthquake.usgs.gov/regional/world/10_largest_world.php</wequ014>
<wequ015>  7.9|2008/05/12 06:28:01|  30.986|103.364|   19.0|Eastern Sichuan, China|http://earthquake.usgs.gov/eqcenter/eqinthenews/2008/us2008ryan</wequ015>
</quakes>
