<boinc_db_dump_spec>
    <output_dir>../html/stats_tmp</output_dir>
    <final_output_dir>../html/stats</final_output_dir>
    <enumeration>
        <table>user</table>
        <filename>user</filename>
        <output>
            <compression>gzip</compression>
        </output>
    </enumeration>
    <enumeration>
        <table>host</table>
        <filename>host</filename>
        <output>
            <compression>gzip</compression>
            <detail/>
        </output>
    </enumeration>
    <enumeration>
        <table>team</table>
        <filename>team</filename>
        <output>
            <compression>gzip</compression>
        </output>
    </enumeration>
</boinc_db_dump_spec>
