<?xml version="1.0" encoding="UTF-8"?>
<skin>
	<en>
		<simple>
			<background_image>
				<!-- Background Image for the Simple GUI-->
				<!--	410x540 -->
				<image>
					<imagesrc>graphic/background_image.png</imagesrc>
					<background_color>236:233:233</background_color>
				</image>
			</background_image>
			<spacer_image>
				<image>
					<imagesrc>graphic/spacer_image.png</imagesrc>
				</image>
			</spacer_image>
			<static_line_color>255:255:255</static_line_color>
			<state_indicator_background_image>
				<image>
					<imagesrc>graphic/state_indicator_background_image.png</imagesrc>
				</image>
			</state_indicator_background_image>
			<connecting_indicator_image>
				<image>
					<imagesrc>graphic/connecting_indicator_image.png</imagesrc>
				</image>
			</connecting_indicator_image>
			<error_indicator_image>
				<image>
					<imagesrc>graphic/error_indicator_image.png</imagesrc>
				</image>
			</error_indicator_image>
			<workunit_active_tab>
				<tab>
					<imagesrc>graphic/workunit_active_tab.png</imagesrc>
					<border_color>151:149:149</border_color>
					<gradient_from_color>151:149:149</gradient_from_color>
					<gradient_to_color>151:149:149</gradient_to_color>
				</tab>
			</workunit_active_tab>
			<workunit_suspended_tab>
				<tab>
					<imagesrc>graphic/workunit_suspended_tab.png</imagesrc>
					<border_color>151:149:149</border_color>
					<gradient_from_color>151:149:149</gradient_from_color>
					<gradient_to_color>151:149:149</gradient_to_color>
				</tab>
			</workunit_suspended_tab>
			<workunit_tab_area_background_image>
				<image>
					<imagesrc>graphic/workunit_tab_area_background_image.png</imagesrc>
				</image>
			</workunit_tab_area_background_image>
			<workunit_area_background_image>
				<image>
					<imagesrc>graphic/workunit_area_background_image.png</imagesrc>
				</image>
			</workunit_area_background_image>
			<workunit_animation_background_image>
				<image>
					<imagesrc>graphic/workunit_animation_background_image.png</imagesrc>
				</image>
			</workunit_animation_background_image>
			<workunit_animation_image>
				<image>
					<imagesrc>graphic/workunit_animation_image.png</imagesrc>
				</image>
			</workunit_animation_image>
			<workunit_gauge_background_image>
				<image>
					<imagesrc>graphic/workunit_gauge_background_image.png</imagesrc>
				</image>
			</workunit_gauge_background_image>
			<workunit_gauge_progress_indicator_image>
				<image>
					<imagesrc>graphic/workunit_gauge_progress_indicator_image.png</imagesrc>
				</image>
			</workunit_gauge_progress_indicator_image>
			<project_area_background_image>
				<image>
					<imagesrc>graphic/project_area_background_image.png</imagesrc>
				</image>
			</project_area_background_image>
			<project_image>
				<image>
					<imagesrc>graphic/project_image.png</imagesrc>
				</image>
			</project_image>
	
	
	
	
	
			<attach_project_button>
				<button>
					<imagesrc>graphic/attach_project_button.png</imagesrc>
					<imagesrc_clicked>graphic/attach_project_button.png</imagesrc_clicked>
				</button>
			</attach_project_button>
			<right_arrow_button>
				<button>
					<imagesrc>graphic/right_arrow_button.png</imagesrc>
					<imagesrc_clicked>graphic/right_arrow_button.png</imagesrc_clicked>
				</button>
			</right_arrow_button>
			<left_arrow_button>
				<button>
					<imagesrc>graphic/left_arrow_button.png</imagesrc>
					<imagesrc_clicked>graphic/left_arrow_button.png</imagesrc_clicked>
				</button>
			</left_arrow_button>
			<save_button>
				<button>
					<imagesrc>graphic/save_button.png</imagesrc>
					<imagesrc_clicked>graphic/save_button.png</imagesrc_clicked>
				</button>
			</save_button>
			<cancel_button>
				<button>
					<imagesrc>graphic/cancel_button.png</imagesrc>
					<imagesrc_clicked>graphic/cancel_button.png</imagesrc_clicked>
				</button>
			</cancel_button>
			<change_button>
				<button>
					<imagesrc>graphic/change_button.png</imagesrc>
					<imagesrc_clicked>graphic/change_button.png</imagesrc_clicked>
				</button>
			</change_button>
			<close_button>
				<button>
					<imagesrc>graphic/close_button.png</imagesrc>
					<imagesrc_clicked>graphic/close_button.png</imagesrc_clicked>
				</button>
			</close_button>
			<help_button>
				<button>
					<imagesrc>graphic/help_button.png</imagesrc>
					<imagesrc_clicked>graphic/help_button.png</imagesrc_clicked>
				</button>
			</help_button>
			<copy_button>
				<button>
					<imagesrc>graphic/copy_button.png</imagesrc>
					<imagesrc_clicked>graphic/copy_button.png</imagesrc_clicked>
				</button>
			</copy_button>
			<copy_all_button>
				<button>
					<imagesrc>graphic/copy_all_button.png</imagesrc>
					<imagesrc_clicked>graphic/copy_all_button.png</imagesrc_clicked>
				</button>
			</copy_all_button>
			<clear_button>
				<button>
					<imagesrc>graphic/clear_button.png</imagesrc>
					<imagesrc_clicked>graphic/clear_button.png</imagesrc_clicked>
				</button>
			</clear_button>
			<messages_link_image>
				<image>
					<imagesrc>graphic/messages_link_image.png</imagesrc>
					<imagesrc_clicked>graphic/preferences_link_image.png</imagesrc_clicked>				
					<background_color>255:255:255</background_color>
					<border_color>255:255:255</border_color>
				</image>
			</messages_link_image>
			<messages_alert_link_image>
				<image>
					<imagesrc>graphic/messages_alert_link_image.png</imagesrc>
					<imagesrc_clicked>graphic/preferences_link_image.png</imagesrc_clicked>				
					<background_color>255:255:255</background_color>
					<border_color>255:255:255</border_color>
				</image>
			</messages_alert_link_image>
			<suspend_link_image>
				<image>
					<imagesrc>graphic/suspend_link_image.png</imagesrc>
				</image>
			</suspend_link_image>
			<resume_link_image>
				<image>
					<imagesrc>graphic/resume_link_image.png</imagesrc>
				</image>
			</resume_link_image>
			<preferences_link_image>
				<image>
					<imagesrc>graphic/preferences_link_image.png</imagesrc>
					<imagesrc_clicked>graphic/preferences_link_image.png</imagesrc_clicked>				
					<background_color>255:255:255</background_color>
					<border_color>255:255:255</border_color>
					<link_line_color>0:0:0</link_line_color>
				</image>
			</preferences_link_image>
			<advanced_link_image>
				<image>
					<imagesrc>graphic/advanced_link_image.png</imagesrc>
					<background_color>0:0:0</background_color>
					<border_color>0:0:0</border_color>
				</image>
			</advanced_link_image>
			<dialog_background_image>
				<image>
					<imagesrc>graphic/dialog_background_image.png</imagesrc>
				</image>
			</dialog_background_image>
		</simple>
		<!-- this section can be omitted in which case it will use the BOINC defaults (shown below) -->
		<advanced>  
			<!-- name displayed in application title bar -->
			<application_name>World Community Grid - BOINC Manager</application_name>  
			<application_icon>
				<image>
					<!-- Taskbar Icon -->
					<imagesrc>graphic/wcg_play.png</imagesrc> 
					<transparency_mask>255:0:255</transparency_mask>
				</image>
			</application_icon>
			<application_icon32>
				<image>
					<!-- Icon -->
					<imagesrc>graphic/wcg_about.ico</imagesrc> 
					<transparency_mask>255:0:255</transparency_mask>
				</image>
			</application_icon32>
			<application_disconnected_icon>
				<image>
					<!-- Taskbar Icon when disconnected -->
					<imagesrc>graphic/wcg_stop.png</imagesrc> 
					<transparency_mask>255:0:255</transparency_mask>
				</image>
			</application_disconnected_icon>
			<application_snooze_icon>
				<image>
					<!-- Taskbar Icon when snoozing -->
					<imagesrc>graphic/wcg_pause.png</imagesrc> 
					<transparency_mask>255:0:255</transparency_mask>
				</image>
			</application_snooze_icon> 
			<organization_name>World Community Grid</organization_name> 
			<organization_website>http://www.worldcommunitygrid.org</organization_website> 
			<organization_help_url>http://www.worldcommunitygrid.org/boinc.do</organization_help_url> 
			<application_short_name>World Community Grid</application_short_name>
			<!-- this setting makes the BOINC manager automatically open to a particular tab on the -->
			<!-- advanced view, overriding a users last displayed view.  0 means use users last open tab -->
			<open_tab>0</open_tab>  
			<exit_message></exit_message>
		</advanced>
		<!-- this section can be omitted in which case it will use the BOINC defaults (shown below) -->
	</en>
</skin>