<app_init_data>
<major_version>6</major_version>
<minor_version>1</minor_version>
<release>0</release>
<app_version>212</app_version>
<app_name>qcn</app_name>
<user_name>Jesse Lawrence</user_name>
<team_name>Stanford University</team_name>
<project_dir>../../projects/qcn.edu_qcn</project_dir>
<boinc_dir>../../</boinc_dir>
<authenticator>j8fb6ed9d720f8a2da26311575644803</authenticator>
<wu_name>qcn1</wu_name>
<shm_key>16940501</shm_key>
<slot>0</slot>
<wu_cpu_time>0.000000</wu_cpu_time>
<user_total_credit>0.000000</user_total_credit>
<user_expavg_credit>0.000000</user_expavg_credit>
<host_total_credit>0.000000</host_total_credit>
<host_expavg_credit>0.000000</host_expavg_credit>
<resource_share_fraction>1.000000</resource_share_fraction>
<checkpoint_period>60.000000</checkpoint_period>
<fraction_done_update_period>1.000000</fraction_done_update_period>
<fraction_done_start>0.000000</fraction_done_start>
<fraction_done_end>1.000000</fraction_done_end>
<rsc_fpops_est>1000000.000000</rsc_fpops_est>
<rsc_fpops_bound>10000000000.000000</rsc_fpops_bound>
<rsc_memory_bound>100000000.000000</rsc_memory_bound>
<rsc_disk_bound>100000000.000000</rsc_disk_bound>
<project_preferences>

<quakes>
<qu001>  2.8|2008/07/13 19:46:26|  36.9252|-121.5740|   5.70|Northern California|http://earthquake.usgs.gov/eqcenter/recenteqsww/Quakes/nc40220653.php</qu001>
<qu002>  2.8|2008/07/13 19:30:28|  51.1506|-179.5691|   7.20|Andreanof Islands, Aleutian Islands, Alaska|http://earthquake.usgs.gov/eqcenter/recenteqsww/Quakes/ak00054737.php</qu002>
<qu003>  4.4|2008/07/13 19:30:26| -21.8352| -67.1899| 172.80|Potosi, Bolivia|http://earthquake.usgs.gov/eqcenter/recenteqsww/Quakes/us2008ukbn.php</qu003>
<qu004>  4.7|2008/07/13 17:41:27|  24.0803| 142.9373|  35.00|Volcano Islands, Japan region|http://earthquake.usgs.gov/eqcenter/recenteqsww/Quakes/us2008ukbe.php</qu004>
<qu005>  5.0|2008/07/13 17:33:49| -21.5349| -67.9638|  35.00|Potosi, Bolivia|http://earthquake.usgs.gov/eqcenter/recenteqsww/Quakes/us2008ukbb.php</qu005>
<qu006>  4.4|2008/07/13 16:55:24|  23.9305| 142.5057|  35.00|Volcano Islands, Japan region|http://earthquake.usgs.gov/eqcenter/recenteqsww/Quakes/us2008ukba.php</qu006>
<qu007>  3.6|2008/07/13 16:26:06|  19.4997| -65.3068|  61.50|Puerto Rico region|http://earthquake.usgs.gov/eqcenter/recenteqsww/Quakes/prp0819503.php</qu007>
<qu008>  4.9|2008/07/13 16:24:28|  -9.0727| 124.0556| 101.40|Timor region|http://earthquake.usgs.gov/eqcenter/recenteqsww/Quakes/us2008uka8.php</qu008>
<qu009>  4.6|2008/07/13 15:46:41|  21.1848| 121.1560|  10.00|Taiwan region|http://earthquake.usgs.gov/eqcenter/recenteqsww/Quakes/us2008uka5.php</qu009>
<qu010>  6.1|2008/07/13 14:58:32|  21.0174| 121.0983|  10.00|Taiwan region|http://earthquake.usgs.gov/eqcenter/recenteqsww/Quakes/us2008ukay.php</qu010>
<qu011>  4.7|2008/07/13 08:50:34|  35.0586|  69.7973|  10.00|Hindu Kush region, Afghanistan|http://earthquake.usgs.gov/eqcenter/recenteqsww/Quakes/us2008ukaq.php</qu011>
<qu012>  4.4|2008/07/13 08:45:04|  23.8329| 124.3579|  71.30|southwestern Ryukyu Islands, Japan|http://earthquake.usgs.gov/eqcenter/recenteqsww/Quakes/us2008ukan.php</qu012>
<qu013>  2.6|2008/07/13 08:41:42|  32.1810|-115.3540|   3.70|Baja California, Mexico|http://earthquake.usgs.gov/eqcenter/recenteqsww/Quakes/ci14380736.php</qu013>
<qu014>  2.5|2008/07/13 07:17:08|  38.7513|-122.7335|   1.20|Northern California|http://earthquake.usgs.gov/eqcenter/recenteqsww/Quakes/nc40220612.php</qu014>
<qu015>  4.4|2008/07/13 06:53:26|  12.1072|  57.8837|  10.00|Owen Fracture Zone region|http://earthquake.usgs.gov/eqcenter/recenteqsww/Quakes/us2008ukau.php</qu015>
<qu016>  2.8|2008/07/13 06:44:40|  38.7495|-122.7307|   1.90|Northern California|http://earthquake.usgs.gov/eqcenter/recenteqsww/Quakes/nc40220606.php</qu016>
<qu017>  2.9|2008/07/13 04:06:32|  18.5527| -67.5500|   3.80|Puerto Rico region|http://earthquake.usgs.gov/eqcenter/recenteqsww/Quakes/prp0819502.php</qu017>
<qu018>  2.8|2008/07/13 03:44:32|  18.5313| -64.6578|  78.90|Virgin Islands region|http://earthquake.usgs.gov/eqcenter/recenteqsww/Quakes/prp0819501.php</qu018>
<qu019>  3.2|2008/07/13 01:50:32|  19.3607|-155.3148|  30.20|Island of Hawaii, Hawaii|http://earthquake.usgs.gov/eqcenter/recenteqsww/Quakes/hv00029073.php</qu019>
<qu020>  3.5|2008/07/13 00:22:58|  63.7314|-149.6224|   5.40|Central Alaska|http://earthquake.usgs.gov/eqcenter/recenteqsww/Quakes/ak00054681.php</qu020>
<qu021>  3.3|2008/07/12 23:55:09|  53.6324|-163.6955|  17.90|Unimak Island region, Alaska|http://earthquake.usgs.gov/eqcenter/recenteqsww/Quakes/ak00054679.php</qu021>
<qu022>  3.3|2008/07/12 23:15:07|  53.8262|-163.9724|  74.70|Unimak Island region, Alaska|http://earthquake.usgs.gov/eqcenter/recenteqsww/Quakes/ak00054678.php</qu022>
<qu023>  3.3|2008/07/12 22:36:40|  19.0082| -64.1530|  47.90|Virgin Islands region|http://earthquake.usgs.gov/eqcenter/recenteqsww/Quakes/prp0819405.php</qu023>
<qu024>  4.3|2008/07/12 22:19:29|  33.5351|  47.4248| 102.70|western Iran|http://earthquake.usgs.gov/eqcenter/recenteqsww/Quakes/us2008ujb9.php</qu024>
<qu025>  4.1|2008/07/12 21:32:54|  52.5070|-168.7290|  24.70|Fox Islands, Aleutian Islands, Alaska|http://earthquake.usgs.gov/eqcenter/recenteqsww/Quakes/us2008ujb5.php</qu025>
<qu026>  4.0|2008/07/12 21:06:40|  59.9699|-151.2337|  40.20|Kenai Peninsula, Alaska|http://earthquake.usgs.gov/eqcenter/recenteqsww/Quakes/ak00054655.php</qu026>
<qu027>  2.5|2008/07/12 20:08:27|  19.4035|-155.2820|   1.50|Island of Hawaii, Hawaii|http://earthquake.usgs.gov/eqcenter/recenteqsww/Quakes/hv00029071.php</qu027>
<qu028>  2.5|2008/07/12 19:43:25|  39.6970|-115.5580|   0.00|Nevada|http://earthquake.usgs.gov/eqcenter/recenteqsww/Quakes/nn00253874.php</qu028>
<qu029>  4.6|2008/07/12 19:36:48|  24.1729| 125.0176|  45.30|southwestern Ryukyu Islands, Japan|http://earthquake.usgs.gov/eqcenter/recenteqsww/Quakes/us2008ujb2.php</qu029>
<qu030>  2.9|2008/07/12 18:37:03|  51.4043|-178.5147|  86.30|Andreanof Islands, Aleutian Islands, Alaska|http://earthquake.usgs.gov/eqcenter/recenteqsww/Quakes/ak00054630.php</qu030>
<qu031>  3.0|2008/07/12 17:54:55|  19.0198| -67.8253|  41.90|Dominican Republic region|http://earthquake.usgs.gov/eqcenter/recenteqsww/Quakes/prp0819404.php</qu031>
<qu032>  2.7|2008/07/12 17:30:59|  51.5203|-178.4860|  54.90|Andreanof Islands, Aleutian Islands, Alaska|http://earthquake.usgs.gov/eqcenter/recenteqsww/Quakes/ak00054623.php</qu032>
<qu033>  2.8|2008/07/12 17:17:36|  63.0791|-143.8319|   8.00|Central Alaska|http://earthquake.usgs.gov/eqcenter/recenteqsww/Quakes/ak00054617.php</qu033>
<qu034>  4.4|2008/07/12 17:16:30|  52.1869|-178.4331|  82.40|Andreanof Islands, Aleutian Islands, Alaska|http://earthquake.usgs.gov/eqcenter/recenteqsww/Quakes/us2008ujbh.php</qu034>
<qu035>  3.7|2008/07/12 16:56:05|  57.8503|-152.2356|  42.50|Kodiak Island region, Alaska|http://earthquake.usgs.gov/eqcenter/recenteqsww/Quakes/ak00054609.php</qu035>
<qu036>  2.5|2008/07/12 16:43:27|  59.7221|-153.0443| 100.00|Southern Alaska|http://earthquake.usgs.gov/eqcenter/recenteqsww/Quakes/ak00054606.php</qu036>
<qu037>  3.2|2008/07/12 16:39:08|  19.0422| -64.1025|  44.30|Virgin Islands region|http://earthquake.usgs.gov/eqcenter/recenteqsww/Quakes/prp0819403.php</qu037>
<qu038>  2.5|2008/07/12 13:00:35|  40.0523|-123.8167|  20.50|Northern California|http://earthquake.usgs.gov/eqcenter/recenteqsww/Quakes/nc40220580.php</qu038>
<qu039>  2.9|2008/07/12 11:38:18|  36.6885|-121.3190|   4.50|Central California|http://earthquake.usgs.gov/eqcenter/recenteqsww/Quakes/nc40220576.php</qu039>
<qu040>  2.9|2008/07/12 10:56:36|  32.2618|-115.3268|  19.20|Baja California, Mexico|http://earthquake.usgs.gov/eqcenter/recenteqsww/Quakes/ci14380520.php</qu040>
<qu041>  5.1|2008/07/12 08:42:36| -10.7328| 161.6705|  72.70|Solomon Islands|http://earthquake.usgs.gov/eqcenter/recenteqsww/Quakes/us2008ujas.php</qu041>
<qu042>  4.3|2008/07/12 07:39:10| -19.0262|-177.4904| 563.40|Fiji region|http://earthquake.usgs.gov/eqcenter/recenteqsww/Quakes/us2008ujcg.php</qu042>
<qu043>  4.6|2008/07/12 06:11:45|  24.1818| 121.8976|   4.90|Taiwan|http://earthquake.usgs.gov/eqcenter/recenteqsww/Quakes/us2008ujai.php</qu043>
<qu044>  4.6|2008/07/12 05:38:51|  51.6100| 159.4294|  26.50|off the east coast of the Kamchatka Peninsula, Russia|http://earthquake.usgs.gov/eqcenter/recenteqsww/Quakes/us2008ujah.php</qu044>
<qu045>  3.1|2008/07/12 03:34:50|  52.0797|-175.5357|   3.80|Andreanof Islands, Aleutian Islands, Alaska|http://earthquake.usgs.gov/eqcenter/recenteqsww/Quakes/ak00054559.php</qu045>
<qu046>  3.4|2008/07/12 03:11:22|  19.5733| -65.2998|  35.30|Puerto Rico region|http://earthquake.usgs.gov/eqcenter/recenteqsww/Quakes/prp0819401.php</qu046>
<qu047>  2.6|2008/07/12 02:39:35|  51.7657|-176.1897|  37.40|Andreanof Islands, Aleutian Islands, Alaska|http://earthquake.usgs.gov/eqcenter/recenteqsww/Quakes/ak00054553.php</qu047>
<qu048>  5.0|2008/07/12 00:08:56| -45.7246| 167.2534| 115.40|South Island of New Zealand|http://earthquake.usgs.gov/eqcenter/recenteqsww/Quakes/us2008ujad.php</qu048>
<qu049>  5.1|2008/07/12 00:01:26|  51.6062|-176.3823|  63.00|Andreanof Islands, Aleutian Islands, Alaska|http://earthquake.usgs.gov/eqcenter/recenteqsww/Quakes/us2008ujab.php</qu049>
<qu050>  2.8|2008/07/11 22:34:06|  32.2796|-115.3418|   3.80|Baja California, Mexico|http://earthquake.usgs.gov/eqcenter/recenteqsww/Quakes/ci14380384.php</qu050>
<qu051>  5.0|2008/07/11 21:45:11|  21.0978| 121.1576|  10.00|Taiwan region|http://earthquake.usgs.gov/eqcenter/recenteqsww/Quakes/us2008uice.php</qu051>
<qu052>  2.9|2008/07/11 21:40:44|  51.2888|-178.1964|  35.90|Andreanof Islands, Aleutian Islands, Alaska|http://earthquake.usgs.gov/eqcenter/recenteqsww/Quakes/ak00054522.php</qu052>
<qu053>  3.4|2008/07/11 21:40:32|  36.0736|-117.8996|   4.80|Central California|http://earthquake.usgs.gov/eqcenter/recenteqsww/Quakes/ci14380372.php</qu053>
<qu054>  5.4|2008/07/11 21:35:06|  21.0297| 121.1146|   6.00|Taiwan region|http://earthquake.usgs.gov/eqcenter/recenteqsww/Quakes/us2008uicb.php</qu054>
<qu055>  2.6|2008/07/11 20:46:47|  18.7340| -66.8957|  61.20|Puerto Rico region|http://earthquake.usgs.gov/eqcenter/recenteqsww/Quakes/prp0819305.php</qu055>
<qu056>  3.1|2008/07/11 20:45:24|  62.9884|-150.7857| 100.00|Central Alaska|http://earthquake.usgs.gov/eqcenter/recenteqsww/Quakes/ak00054512.php</qu056>
<qu057>  2.6|2008/07/11 19:46:22|  41.0320|-118.8210|   0.00|Nevada|http://earthquake.usgs.gov/eqcenter/recenteqsww/Quakes/nn00253813.php</qu057>
<qu058>  3.2|2008/07/11 19:40:04|  32.1286|-115.3128|   6.00|Baja California, Mexico|http://earthquake.usgs.gov/eqcenter/recenteqsww/Quakes/ci14380332.php</qu058>
<qu059>  2.7|2008/07/11 19:24:20|  55.6019|-159.0862|  78.30|Alaska Peninsula|http://earthquake.usgs.gov/eqcenter/recenteqsww/Quakes/ak00054506.php</qu059>
<qu060>  2.8|2008/07/11 18:28:19|  53.9838|-163.6617|  34.10|Unimak Island region, Alaska|http://earthquake.usgs.gov/eqcenter/recenteqsww/Quakes/ak00054501.php</qu060>
<qu061>  2.7|2008/07/11 17:21:14|  51.2993|-177.5284|  33.10|Andreanof Islands, Aleutian Islands, Alaska|http://earthquake.usgs.gov/eqcenter/recenteqsww/Quakes/ak00054498.php</qu061>
<qu062>  3.1|2008/07/11 16:51:26|  51.4291|-177.5366|  50.00|Andreanof Islands, Aleutian Islands, Alaska|http://earthquake.usgs.gov/eqcenter/recenteqsww/Quakes/ak00054496.php</qu062>
<qu063>  4.4|2008/07/11 16:40:51|  49.9649| 155.1350| 119.90|Kuril Islands|http://earthquake.usgs.gov/eqcenter/recenteqsww/Quakes/us2008uibf.php</qu063>
<qu064>  3.0|2008/07/11 13:28:31|  32.6665|-116.0440|   9.90|Southern California|http://earthquake.usgs.gov/eqcenter/recenteqsww/Quakes/ci14380240.php</qu064>
<qu065>  4.4|2008/07/11 12:47:11|  43.3329|-126.3265|  10.00|off the coast of Oregon|http://earthquake.usgs.gov/eqcenter/recenteqsww/Quakes/us2008uia6.php</qu065>
<qu066>  2.5|2008/07/11 11:02:03|  35.6372|-120.7542|   6.50|Central California|http://earthquake.usgs.gov/eqcenter/recenteqsww/Quakes/nc40220535.php</qu066>
<qu067>  2.6|2008/07/11 10:21:51|  18.9348| -67.7857|   5.00|Dominican Republic region|http://earthquake.usgs.gov/eqcenter/recenteqsww/Quakes/prp0819304.php</qu067>
<qu068>  2.7|2008/07/11 10:16:16|  19.2827| -67.5645|  15.40|Puerto Rico region|http://earthquake.usgs.gov/eqcenter/recenteqsww/Quakes/prp0819302.php</qu068>
<qu069>  5.4|2008/07/11 09:58:48|  -2.9148| 147.8608|  10.00|Admiralty Islands region, Papua New Guinea|http://earthquake.usgs.gov/eqcenter/recenteqsww/Quakes/us2008uiay.php</qu069>
<qu070>  2.7|2008/07/11 09:31:15|  58.0873|-153.3853|  23.30|Kodiak Island region, Alaska|http://earthquake.usgs.gov/eqcenter/recenteqsww/Quakes/ak00054476.php</qu070>
<qu071>  5.0|2008/07/11 09:28:19| -11.2156| -14.4955|  10.00|Ascension Island region|http://earthquake.usgs.gov/eqcenter/recenteqsww/Quakes/us2008uia9.php</qu071>
<qu072>  2.5|2008/07/11 08:59:39|  52.3030|-175.5627| 199.00|Andreanof Islands, Aleutian Islands, Alaska|http://earthquake.usgs.gov/eqcenter/recenteqsww/Quakes/ak00054471.php</qu072>
<qu073>  2.6|2008/07/11 08:17:48|  38.0947|-119.2673|   3.90|Central California|http://earthquake.usgs.gov/eqcenter/recenteqsww/Quakes/nc40220529.php</qu073>
<qu074>  2.9|2008/07/11 06:59:41|  63.1344|-150.4240| 100.00|Central Alaska|http://earthquake.usgs.gov/eqcenter/recenteqsww/Quakes/ak00054457.php</qu074>
<qu075>  5.5|2008/07/11 06:51:37|  -9.5319| 107.5760|  10.00|south of Java, Indonesia|http://earthquake.usgs.gov/eqcenter/recenteqsww/Quakes/us2008uias.php</qu075>
<qu076>  3.1|2008/07/11 06:36:21|  17.3955| -67.5440|  48.30|Puerto Rico region|http://earthquake.usgs.gov/eqcenter/recenteqsww/Quakes/prp0819306.php</qu076>
<qu077>  2.5|2008/07/11 05:26:17|  61.3058|-150.6318|  67.40|Southern Alaska|http://earthquake.usgs.gov/eqcenter/recenteqsww/Quakes/ak00054447.php</qu077>
<qu078>  2.9|2008/07/11 04:06:50|  51.1026|-177.9002|  11.20|Andreanof Islands, Aleutian Islands, Alaska|http://earthquake.usgs.gov/eqcenter/recenteqsww/Quakes/ak00054445.php</qu078>
<qu079>  4.8|2008/07/11 03:07:49|  25.1297| 122.2121|  28.10|Taiwan region|http://earthquake.usgs.gov/eqcenter/recenteqsww/Quakes/us2008uiak.php</qu079>
<qu080>  2.7|2008/07/11 02:09:41|  19.1008| -67.7692|  10.00|Dominican Republic region|http://earthquake.usgs.gov/eqcenter/recenteqsww/Quakes/prp0819301.php</qu080>
<qu081>  5.0|2008/07/11 02:03:49|  35.4588|  69.6116|  47.30|Hindu Kush region, Afghanistan|http://earthquake.usgs.gov/eqcenter/recenteqsww/Quakes/us2008uiah.php</qu081>
<qu082>  2.7|2008/07/11 01:47:50|  48.4464|-122.4408|   0.00|Washington|http://earthquake.usgs.gov/eqcenter/recenteqsww/Quakes/uw07110147.php</qu082>
<qu083>  2.8|2008/07/11 01:33:14|  54.0577|-163.6153|  34.30|Unimak Island region, Alaska|http://earthquake.usgs.gov/eqcenter/recenteqsww/Quakes/ak00054432.php</qu083>
<qu084>  3.1|2008/07/11 00:20:47|  57.8179|-157.5606|  97.90|Alaska Peninsula|http://earthquake.usgs.gov/eqcenter/recenteqsww/Quakes/ak00054426.php</qu084>
<qu085>  3.2|2008/07/10 23:35:34|  37.4877|-118.8370|   4.90|Central California|http://earthquake.usgs.gov/eqcenter/recenteqsww/Quakes/us2008uhcr.php</qu085>
<qu086>  2.8|2008/07/10 23:33:13|  51.4768|-177.0921|  35.00|Andreanof Islands, Aleutian Islands, Alaska|http://earthquake.usgs.gov/eqcenter/recenteqsww/Quakes/ak00054357.php</qu086>
<qu087>  2.5|2008/07/10 20:35:04|  39.3910|-119.1430|  14.20|Nevada|http://earthquake.usgs.gov/eqcenter/recenteqsww/Quakes/nn00253665.php</qu087>
<qu088>  2.6|2008/07/10 19:34:45|  63.4696|-145.9804|   9.30|Central Alaska|http://earthquake.usgs.gov/eqcenter/recenteqsww/Quakes/ak00054344.php</qu088>
<qu089>  2.7|2008/07/10 19:15:29|  54.2556|-165.1706|  81.20|Fox Islands, Aleutian Islands, Alaska|http://earthquake.usgs.gov/eqcenter/recenteqsww/Quakes/ak00054342.php</qu089>
<qu090>  3.1|2008/07/10 18:42:39|  61.9548|-151.0136| 100.00|Southern Alaska|http://earthquake.usgs.gov/eqcenter/recenteqsww/Quakes/ak00054338.php</qu090>
<qu091>  2.9|2008/07/10 18:38:03|  51.2262|-179.6330|   1.40|Andreanof Islands, Aleutian Islands, Alaska|http://earthquake.usgs.gov/eqcenter/recenteqsww/Quakes/ak00054337.php</qu091>
<qu092>  3.8|2008/07/10 17:50:02|  19.6567| -63.5062|  24.50|Virgin Islands region|http://earthquake.usgs.gov/eqcenter/recenteqsww/Quakes/prp081920a.php</qu092>
<qu093>  5.2|2008/07/10 17:32:28|   6.5028| 124.6071|  27.50|Mindanao, Philippines|http://earthquake.usgs.gov/eqcenter/recenteqsww/Quakes/us2008uhbr.php</qu093>
<qu094>  3.3|2008/07/10 17:14:36|  61.5463|-149.9445|  37.40|Southern Alaska|http://earthquake.usgs.gov/eqcenter/recenteqsww/Quakes/ak00054324.php</qu094>
<qu095>  3.2|2008/07/10 16:47:19|  53.5397|-165.8507|  32.70|Fox Islands, Aleutian Islands, Alaska|http://earthquake.usgs.gov/eqcenter/recenteqsww/Quakes/ak00054319.php</qu095>
<qu096>  5.2|2008/07/10 16:01:02| -19.8592| 169.3485|  35.00|Vanuatu|http://earthquake.usgs.gov/eqcenter/recenteqsww/Quakes/us2008uhbe.php</qu096>
<qu097>  2.8|2008/07/10 14:44:15|  57.7020|-156.0846|   8.20|Alaska Peninsula|http://earthquake.usgs.gov/eqcenter/recenteqsww/Quakes/ak00054313.php</qu097>
<qu098>  4.7|2008/07/10 14:17:15|  -9.7605| 118.8653|  92.10|Sumbawa region, Indonesia|http://earthquake.usgs.gov/eqcenter/recenteqsww/Quakes/us2008uhbc.php</qu098>
<qu099>  3.5|2008/07/10 14:13:08|  53.5507|-165.9443|  49.10|Fox Islands, Aleutian Islands, Alaska|http://earthquake.usgs.gov/eqcenter/recenteqsww/Quakes/ak00054311.php</qu099>
<qu100>  2.8|2008/07/10 13:53:42|  53.5181|-165.7777|  30.70|Fox Islands, Aleutian Islands, Alaska|http://earthquake.usgs.gov/eqcenter/recenteqsww/Quakes/ak00054310.php</qu100>
<qu101>  3.3|2008/07/10 11:23:43|  18.4193| -67.3528|  12.60|Mona Passage, Puerto Rico|http://earthquake.usgs.gov/eqcenter/recenteqsww/Quakes/prp0819207.php</qu101>
<qu102>  3.5|2008/07/10 09:27:04|  18.9850| -67.8857|  37.80|Dominican Republic region|http://earthquake.usgs.gov/eqcenter/recenteqsww/Quakes/prp0819205.php</qu102>
<qu103>  3.4|2008/07/10 09:23:01|  19.1260| -67.6920|   5.00|Puerto Rico region|http://earthquake.usgs.gov/eqcenter/recenteqsww/Quakes/prp0819206.php</qu103>
<qu104>  2.7|2008/07/10 08:13:45|  60.2324|-153.8489| 100.00|Southern Alaska|http://earthquake.usgs.gov/eqcenter/recenteqsww/Quakes/ak00054299.php</qu104>
<qu105>  4.4|2008/07/10 07:49:55|  39.9912|  27.7661|  10.00|western Turkey|http://earthquake.usgs.gov/eqcenter/recenteqsww/Quakes/us2008uhaz.php</qu105>
<qu106>  5.1|2008/07/10 06:29:49|   0.9060| 125.9621|  35.00|Molucca Sea|http://earthquake.usgs.gov/eqcenter/recenteqsww/Quakes/us2008uhaw.php</qu106>
<qu107>  3.2|2008/07/10 05:49:56|  32.2303|-115.3288|  15.00|Baja California, Mexico|http://earthquake.usgs.gov/eqcenter/recenteqsww/Quakes/ci14379960.php</qu107>
<qu108>  5.3|2008/07/10 05:16:27| -15.2116| 167.5449| 122.10|Vanuatu|http://earthquake.usgs.gov/eqcenter/recenteqsww/Quakes/us2008uham.php</qu108>
<qu109>  5.2|2008/07/10 03:46:47| -20.9647| 168.6527|  65.70|Loyalty Islands, New Caledonia|http://earthquake.usgs.gov/eqcenter/recenteqsww/Quakes/us2008uhak.php</qu109>
<qu110>  3.3|2008/07/10 03:09:55|  19.5672| -65.3643|  62.30|Puerto Rico region|http://earthquake.usgs.gov/eqcenter/recenteqsww/Quakes/prp0819203.php</qu110>
<qu111>  4.8|2008/07/10 02:04:30|   6.2267| 126.5926|  95.40|Mindanao, Philippines|http://earthquake.usgs.gov/eqcenter/recenteqsww/Quakes/us2008uhai.php</qu111>
<qu112>  3.0|2008/07/10 01:52:59|  19.3738| -67.1103|  36.70|Puerto Rico region|http://earthquake.usgs.gov/eqcenter/recenteqsww/Quakes/prp0819204.php</qu112>
<qu113>  3.6|2008/07/10 01:44:24|  19.5302| -64.9923|  25.00|Virgin Islands region|http://earthquake.usgs.gov/eqcenter/recenteqsww/Quakes/prp0819209.php</qu113>
<qu114>  4.8|2008/07/10 01:41:12|  19.5347| -65.3432|   5.60|Puerto Rico region|http://earthquake.usgs.gov/eqcenter/recenteqsww/Quakes/prp0819201.php</qu114>
<qu115>  3.3|2008/07/10 01:38:21|  19.5668| -65.3295|  55.20|Puerto Rico region|http://earthquake.usgs.gov/eqcenter/recenteqsww/Quakes/prp0819202.php</qu115>
<qu116>  2.6|2008/07/09 23:43:55|  34.8660|-116.3430|   4.80|Southern California|http://earthquake.usgs.gov/eqcenter/recenteqsww/Quakes/ci14379928.php</qu116>
<qu117>  2.5|2008/07/09 23:07:49|  35.7605|-121.1865|   7.20|Central California|http://earthquake.usgs.gov/eqcenter/recenteqsww/Quakes/nc40220450.php</qu117>
<qu118>  5.1|2008/07/09 22:17:42|  -1.7987| 101.1390|  69.40|southern Sumatra, Indonesia|http://earthquake.usgs.gov/eqcenter/recenteqsww/Quakes/us2008ugcq.php</qu118>
<qu119>  3.3|2008/07/09 20:50:15|  18.2685| -68.0060| 101.00|Mona Passage, Dominican Republic|http://earthquake.usgs.gov/eqcenter/recenteqsww/Quakes/prp0819109.php</qu119>
<qu120>  3.0|2008/07/09 20:13:57|  51.1033| 177.3324|  26.00|Rat Islands, Aleutian Islands, Alaska|http://earthquake.usgs.gov/eqcenter/recenteqsww/Quakes/ak00054267.php</qu120>
<qu121>  2.5|2008/07/09 20:04:36|  37.5320|-118.6165|  10.70|Central California|http://earthquake.usgs.gov/eqcenter/recenteqsww/Quakes/nc40220441.php</qu121>
<qu122>  4.6|2008/07/09 19:58:40| -23.0909| -70.1283|  46.70|Antofagasta, Chile|http://earthquake.usgs.gov/eqcenter/recenteqsww/Quakes/us2008ugb7.php</qu122>
<qu123>  4.6|2008/07/09 19:32:25|  -5.3458| 146.9086| 221.40|eastern New Guinea region, Papua New Guinea|http://earthquake.usgs.gov/eqcenter/recenteqsww/Quakes/us2008ugb5.php</qu123>
<qu124>  2.7|2008/07/09 19:02:33|  52.3632|-167.5115|  25.70|Fox Islands, Aleutian Islands, Alaska|http://earthquake.usgs.gov/eqcenter/recenteqsww/Quakes/ak00054264.php</qu124>
<qu125>  2.6|2008/07/09 18:05:44|  51.5875|-179.5425|  68.60|Andreanof Islands, Aleutian Islands, Alaska|http://earthquake.usgs.gov/eqcenter/recenteqsww/Quakes/ak00054261.php</qu125>
<qu126>  2.9|2008/07/09 18:01:16|  55.9331|-153.0625|  29.80|south of Alaska|http://earthquake.usgs.gov/eqcenter/recenteqsww/Quakes/ak00054412.php</qu126>
<qu127>  3.0|2008/07/09 17:43:48|  57.6967|-157.4299| 169.50|Alaska Peninsula|http://earthquake.usgs.gov/eqcenter/recenteqsww/Quakes/ak00054258.php</qu127>
<qu128>  3.4|2008/07/09 15:26:56|  19.1825| -66.0762|  75.30|Puerto Rico region|http://earthquake.usgs.gov/eqcenter/recenteqsww/Quakes/prp0819107.php</qu128>
<qu129>  3.5|2008/07/09 15:14:06|  55.9096|-153.0923|  20.30|south of Alaska|http://earthquake.usgs.gov/eqcenter/recenteqsww/Quakes/ak00054249.php</qu129>
<qu130>  3.4|2008/07/09 15:02:52|  55.9449|-153.1376|  25.50|south of Alaska|http://earthquake.usgs.gov/eqcenter/recenteqsww/Quakes/ak00054247.php</qu130>
<qu131>  3.5|2008/07/09 14:07:50|  53.4014|-163.4747|  27.80|Unimak Island region, Alaska|http://earthquake.usgs.gov/eqcenter/recenteqsww/Quakes/ak00054241.php</qu131>
<qu132>  3.3|2008/07/09 13:30:23|  23.8718| 120.9873|   7.30|Taiwan|http://earthquake.usgs.gov/eqcenter/recenteqsww/Quakes/us2008ugbe.php</qu132>
<qu133>  5.0|2008/07/09 12:29:41|  49.2589| 151.3991| 282.40|northwest of the Kuril Islands|http://earthquake.usgs.gov/eqcenter/recenteqsww/Quakes/us2008ugbb.php</qu133>
<qu134>  3.1|2008/07/09 11:30:49|  51.8537|-177.7020|   4.80|Andreanof Islands, Aleutian Islands, Alaska|http://earthquake.usgs.gov/eqcenter/recenteqsww/Quakes/ak00054228.php</qu134>
<qu135>  5.0|2008/07/09 09:13:01|   3.3984| 126.7571|  48.90|Kepulauan Talaud, Indonesia|http://earthquake.usgs.gov/eqcenter/recenteqsww/Quakes/us2008uga3.php</qu135>
<qu136>  5.7|2008/07/09 08:24:19| -20.9627| 168.7152|  64.30|Loyalty Islands, New Caledonia|http://earthquake.usgs.gov/eqcenter/recenteqsww/Quakes/us2008ugay.php</qu136>
<qu137>  4.9|2008/07/09 07:01:46| -10.2181| -75.4930|  15.00|central Peru|http://earthquake.usgs.gov/eqcenter/recenteqsww/Quakes/us2008ugaw.php</qu137>
<qu138>  2.5|2008/07/09 06:55:08|  18.1530| -66.8218|  13.90|Puerto Rico|http://earthquake.usgs.gov/eqcenter/recenteqsww/Quakes/prp0819106.php</qu138>
<qu139>  3.3|2008/07/09 06:39:08|  19.3777| -64.7353|  16.60|Virgin Islands region|http://earthquake.usgs.gov/eqcenter/recenteqsww/Quakes/prp0819105.php</qu139>
<qu140>  2.7|2008/07/09 05:00:57|  54.3562|-161.5225|  25.60|Alaska Peninsula|http://earthquake.usgs.gov/eqcenter/recenteqsww/Quakes/ak00054206.php</qu140>
<qu141>  2.9|2008/07/09 04:33:45|  53.4876|-165.2713|   9.50|Fox Islands, Aleutian Islands, Alaska|http://earthquake.usgs.gov/eqcenter/recenteqsww/Quakes/ak00054202.php</qu141>
<qu142>  3.0|2008/07/09 04:26:07|  19.0822| -66.4732|  33.90|Puerto Rico region|http://earthquake.usgs.gov/eqcenter/recenteqsww/Quakes/prp0819103.php</qu142>
<qu143>  3.7|2008/07/09 03:01:26|  32.1361|-115.3381|  15.00|Baja California, Mexico|http://earthquake.usgs.gov/eqcenter/recenteqsww/Quakes/ci14379732.php</qu143>
<qu144>  5.0|2008/07/09 02:34:46| -12.4785| 166.4587|  66.80|Santa Cruz Islands|http://earthquake.usgs.gov/eqcenter/recenteqsww/Quakes/us2008ugae.php</qu144>
<qu145>  3.2|2008/07/09 01:42:45|  53.4165|-165.7156|  25.80|Fox Islands, Aleutian Islands, Alaska|http://earthquake.usgs.gov/eqcenter/recenteqsww/Quakes/ak00054195.php</qu145>
<qu146>  2.7|2008/07/09 01:42:30|  18.8020| -67.1832|  19.20|Puerto Rico region|http://earthquake.usgs.gov/eqcenter/recenteqsww/Quakes/prp0819102.php</qu146>
<qu147>  3.0|2008/07/09 00:53:55|  37.3327|-118.5323|  13.20|Central California|http://earthquake.usgs.gov/eqcenter/recenteqsww/Quakes/nc40220406.php</qu147>
<qu148>  2.6|2008/07/09 00:46:40|  41.2050|-114.8420|   8.90|Nevada|http://earthquake.usgs.gov/eqcenter/recenteqsww/Quakes/nn00253357.php</qu148>
<qu149>  2.7|2008/07/09 00:16:28|  54.5343|-161.5394|  22.50|Alaska Peninsula|http://earthquake.usgs.gov/eqcenter/recenteqsww/Quakes/ak00054189.php</qu149>
<qu150>  2.6|2008/07/09 00:07:48|  51.7452|-179.1930|   8.80|Andreanof Islands, Aleutian Islands, Alaska|http://earthquake.usgs.gov/eqcenter/recenteqsww/Quakes/ak00054187.php</qu150>
<qu151>  3.5|2008/07/08 22:56:26|  61.7575|-134.6560|  10.00|Southern Yukon Territory, Canada|http://earthquake.usgs.gov/eqcenter/recenteqsww/Quakes/us2008ufcj.php</qu151>
<qu152>  2.7|2008/07/08 22:23:11|  18.2605| -66.1800|  52.20|Puerto Rico|http://earthquake.usgs.gov/eqcenter/recenteqsww/Quakes/prp0819007.php</qu152>
<qu153>  2.7|2008/07/08 22:17:01|  58.7600|-137.3227|   3.40|Southeastern Alaska|http://earthquake.usgs.gov/eqcenter/recenteqsww/Quakes/ak00054082.php</qu153>
<qu154>  2.9|2008/07/08 18:11:04|  19.3587| -68.3868| 121.20|Dominican Republic region|http://earthquake.usgs.gov/eqcenter/recenteqsww/Quakes/prp0819006.php</qu154>
<qu155>  3.5|2008/07/08 17:50:54|  37.4450|-114.5850|   2.00|Nevada|http://earthquake.usgs.gov/eqcenter/recenteqsww/Quakes/nn00253285.php</qu155>
<qu156>  2.8|2008/07/08 17:36:59|  20.0855|-155.3830|   8.70|Hawaii region, Hawaii|http://earthquake.usgs.gov/eqcenter/recenteqsww/Quakes/hv00029025.php</qu156>
<qu157>  5.2|2008/07/08 16:08:34|  39.4854|  73.1350|  45.00|Kyrgyzstan|http://earthquake.usgs.gov/eqcenter/recenteqsww/Quakes/us2008ufbd.php</qu157>
<qu158>  4.5|2008/07/08 15:54:17| -22.9665| -66.7326| 194.80|Jujuy, Argentina|http://earthquake.usgs.gov/eqcenter/recenteqsww/Quakes/us2008ufbb.php</qu158>
<qu159>  2.6|2008/07/08 14:36:37|  60.1582|-151.4249|  27.50|Kenai Peninsula, Alaska|http://earthquake.usgs.gov/eqcenter/recenteqsww/Quakes/ak00053930.php</qu159>
<qu160>  3.5|2008/07/08 12:28:34|  58.8090|-136.4852|   5.00|Southeastern Alaska|http://earthquake.usgs.gov/eqcenter/recenteqsww/Quakes/ak00053924.php</qu160>
<qu161>  4.8|2008/07/08 12:12:59|  31.5750| 103.9549|  10.00|eastern Sichuan, China|http://earthquake.usgs.gov/eqcenter/recenteqsww/Quakes/us2008ufa5.php</qu161>
<qu162>  3.2|2008/07/08 10:38:11|  19.3897|-155.2890|   0.40|Island of Hawaii, Hawaii|http://earthquake.usgs.gov/eqcenter/recenteqsww/Quakes/hv00029019.php</qu162>
<qu163>  2.7|2008/07/08 10:06:40|  19.4007|-155.2800|   1.30|Island of Hawaii, Hawaii|http://earthquake.usgs.gov/eqcenter/recenteqsww/Quakes/hv00029018.php</qu163>
<qu164>  6.2|2008/07/08 09:13:07| -15.9298| -71.7533| 123.00|southern Peru|http://earthquake.usgs.gov/eqcenter/recenteqsww/Quakes/us2008ufaz.php</qu164>
<qu165>  2.9|2008/07/08 08:16:51|  51.3679|-178.2583|  35.10|Andreanof Islands, Aleutian Islands, Alaska|http://earthquake.usgs.gov/eqcenter/recenteqsww/Quakes/ak00053905.php</qu165>
<qu166>  6.0|2008/07/08 07:42:10|  27.5065| 128.3575|  43.00|Ryukyu Islands, Japan|http://earthquake.usgs.gov/eqcenter/recenteqsww/Quakes/us2008ufav.php</qu166>
<qu167>  2.8|2008/07/08 07:41:31|  51.2862|-179.3180|  36.90|Andreanof Islands, Aleutian Islands, Alaska|http://earthquake.usgs.gov/eqcenter/recenteqsww/Quakes/ak00053893.php</qu167>
<qu168>  3.4|2008/07/08 07:33:52|  61.8377|-150.9734|  64.90|Southern Alaska|http://earthquake.usgs.gov/eqcenter/recenteqsww/Quakes/ak00053888.php</qu168>
<qu169>  2.6|2008/07/08 07:23:36|  54.5667|-163.4293|  80.90|Unimak Island region, Alaska|http://earthquake.usgs.gov/eqcenter/recenteqsww/Quakes/ak00053885.php</qu169>
<qu170>  4.5|2008/07/08 06:45:12| -22.7242|-112.3888|  10.00|Easter Island region|http://earthquake.usgs.gov/eqcenter/recenteqsww/Quakes/us2008ufas.php</qu170>
<qu171>  2.9|2008/07/08 05:45:58|  18.5908| -64.2950|  56.80|Virgin Islands region|http://earthquake.usgs.gov/eqcenter/recenteqsww/Quakes/prp0819001.php</qu171>
<qu172>  4.5|2008/07/08 05:08:17|  -3.3801| -76.8731| 111.90|northern Peru|http://earthquake.usgs.gov/eqcenter/recenteqsww/Quakes/us2008ufap.php</qu172>
<qu173>  3.6|2008/07/08 05:01:44|  36.5640| -11.1206|   7.20|Azores-Cape St. Vincent Ridge|http://earthquake.usgs.gov/eqcenter/recenteqsww/Quakes/us2008ufck.php</qu173>
<qu174>  2.8|2008/07/08 04:27:17|  58.3723|-133.5021|   1.00|Southeastern Alaska|http://earthquake.usgs.gov/eqcenter/recenteqsww/Quakes/ak00053878.php</qu174>
<qu175>  2.7|2008/07/08 03:51:57|  18.7168| -65.4083|  40.90|Puerto Rico region|http://earthquake.usgs.gov/eqcenter/recenteqsww/Quakes/prp0819002.php</qu175>
<qu176>  2.5|2008/07/08 03:30:58|  19.4043|-155.2800|   1.90|Island of Hawaii, Hawaii|http://earthquake.usgs.gov/eqcenter/recenteqsww/Quakes/hv00029013.php</qu176>
<qu177>  3.2|2008/07/08 02:58:45|  55.2141|-165.1776| 200.00|Fox Islands, Aleutian Islands, Alaska|http://earthquake.usgs.gov/eqcenter/recenteqsww/Quakes/ak00053874.php</qu177>
<qu178>  3.8|2008/07/08 02:28:41|  55.2504|-165.1639| 100.00|Fox Islands, Aleutian Islands, Alaska|http://earthquake.usgs.gov/eqcenter/recenteqsww/Quakes/ak00053873.php</qu178>
<qu179>  5.0|2008/07/08 01:41:55|  15.3736| 122.5261|  35.00|Philippine Islands region|http://earthquake.usgs.gov/eqcenter/recenteqsww/Quakes/us2008ufai.php</qu179>
<qu180>  2.8|2008/07/07 22:47:07|  51.7691|-176.8989|  73.90|Andreanof Islands, Aleutian Islands, Alaska|http://earthquake.usgs.gov/eqcenter/recenteqsww/Quakes/ak00054069.php</qu180>
<qu181>  5.2|2008/07/07 22:43:50|  51.9168|-177.0642|  66.50|Andreanof Islands, Aleutian Islands, Alaska|http://earthquake.usgs.gov/eqcenter/recenteqsww/Quakes/us2008ueb7.php</qu181>
<qu182>  5.2|2008/07/07 21:39:26| -58.0475| -22.1554|  10.00|South Sandwich Islands region|http://earthquake.usgs.gov/eqcenter/recenteqsww/Quakes/us2008ueb1.php</qu182>
<qu183>  2.5|2008/07/07 21:26:39|  55.4041|-154.4429|  47.00|south of Alaska|http://earthquake.usgs.gov/eqcenter/recenteqsww/Quakes/ak00054064.php</qu183>
<qu184>  4.3|2008/07/07 21:14:51|  16.9330| -92.9435| 190.10|Chiapas, Mexico|http://earthquake.usgs.gov/eqcenter/recenteqsww/Quakes/us2008uebt.php</qu184>
<qu185>  3.2|2008/07/07 19:44:56|  18.2097| -63.5873|  43.70|Anguilla region, Leeward Islands|http://earthquake.usgs.gov/eqcenter/recenteqsww/Quakes/prp0818905.php</qu185>
<qu186>  3.6|2008/07/07 19:35:30|  59.0054|-152.3624|  62.60|Southern Alaska|http://earthquake.usgs.gov/eqcenter/recenteqsww/Quakes/ak00053827.php</qu186>
<qu187>  2.8|2008/07/07 19:26:40|  58.2927|-133.6172|   0.00|Southeastern Alaska|http://earthquake.usgs.gov/eqcenter/recenteqsww/Quakes/ak00054056.php</qu187>
<qu188>  2.7|2008/07/07 18:10:33|  50.0825|-179.0337|  25.60|Andreanof Islands, Aleutian Islands, Alaska|http://earthquake.usgs.gov/eqcenter/recenteqsww/Quakes/ak00054053.php</qu188>
<qu189>  2.5|2008/07/07 16:52:16|  51.0076|-179.8212|  10.90|Andreanof Islands, Aleutian Islands, Alaska|http://earthquake.usgs.gov/eqcenter/recenteqsww/Quakes/ak00053711.php</qu189>
<qu190>  4.7|2008/07/07 16:18:54|   2.9926|  95.8807|  35.00|Simeulue, Indonesia|http://earthquake.usgs.gov/eqcenter/recenteqsww/Quakes/us2008uea5.php</qu190>
<qu191>  2.6|2008/07/07 15:59:27|  55.3699|-154.4249|  33.10|south of Alaska|http://earthquake.usgs.gov/eqcenter/recenteqsww/Quakes/ak00054048.php</qu191>
<qu192>  3.3|2008/07/07 14:34:33|  53.8125|-166.2792|  81.20|Fox Islands, Aleutian Islands, Alaska|http://earthquake.usgs.gov/eqcenter/recenteqsww/Quakes/ak00053706.php</qu192>
<qu193>  3.4|2008/07/07 13:57:03|  19.4110| -64.6627|  30.10|Virgin Islands region|http://earthquake.usgs.gov/eqcenter/recenteqsww/Quakes/prp0818904.php</qu193>
<qu194>  3.7|2008/07/07 12:12:13|  55.2488|-154.3598|  10.00|south of Alaska|http://earthquake.usgs.gov/eqcenter/recenteqsww/Quakes/ak00053700.php</qu194>
<qu195>  3.0|2008/07/07 11:37:27|  52.0054| 179.7610| 158.00|Rat Islands, Aleutian Islands, Alaska|http://earthquake.usgs.gov/eqcenter/recenteqsww/Quakes/ak00053699.php</qu195>
<qu196>  5.0|2008/07/07 09:58:52|  10.6736|  91.6426|  10.00|Andaman Islands, India region|http://earthquake.usgs.gov/eqcenter/recenteqsww/Quakes/us2008ueav.php</qu196>
<qu197>  2.6|2008/07/07 08:57:49|  58.3627|-133.6498|   0.00|Southeastern Alaska|http://earthquake.usgs.gov/eqcenter/recenteqsww/Quakes/ak00054030.php</qu197>
<qu198>  2.9|2008/07/07 08:36:31|  17.9788| -64.8843|  27.70|Virgin Islands region|http://earthquake.usgs.gov/eqcenter/recenteqsww/Quakes/prp0818902.php</qu198>
<qu199>  3.0|2008/07/07 08:29:34|  53.7882|-165.9916|  70.40|Fox Islands, Aleutian Islands, Alaska|http://earthquake.usgs.gov/eqcenter/recenteqsww/Quakes/ak00053689.php</qu199>
<qu200>  4.0|2008/07/07 08:05:41|  51.6273| 178.6151|  65.80|Rat Islands, Aleutian Islands, Alaska|http://earthquake.usgs.gov/eqcenter/recenteqsww/Quakes/ak00053686.php</qu200>
<qu201>  4.8|2008/07/07 06:32:53|  47.0977| 122.9460|  10.00|Nei Mongol-Heilongjiang border region, China|http://earthquake.usgs.gov/eqcenter/recenteqsww/Quakes/us2008ueam.php</qu201>
<qu202>  2.7|2008/07/07 06:07:13|  58.3690|-133.6210|   0.00|Southeastern Alaska|http://earthquake.usgs.gov/eqcenter/recenteqsww/Quakes/ak00054019.php</qu202>
<qu203>  2.7|2008/07/07 05:44:54|  40.3422|-124.4273|  16.90|offshore Northern California|http://earthquake.usgs.gov/eqcenter/recenteqsww/Quakes/nc40220332.php</qu203>
<qu204>  2.8|2008/07/07 05:12:49|  58.3454|-133.6150|   0.00|Southeastern Alaska|http://earthquake.usgs.gov/eqcenter/recenteqsww/Quakes/ak00054015.php</qu204>
<qu205>  5.5|2008/07/07 04:44:55| -16.4588|-174.0832| 118.20|Tonga|http://earthquake.usgs.gov/eqcenter/recenteqsww/Quakes/us2008ueah.php</qu205>
<qu206>  3.5|2008/07/07 04:22:31|  61.3781|-146.8142|  14.10|Southern Alaska|http://earthquake.usgs.gov/eqcenter/recenteqsww/Quakes/ak00053676.php</qu206>
<qu207>  2.5|2008/07/07 03:25:20|  39.4590|-119.8590|   0.00|Nevada|http://earthquake.usgs.gov/eqcenter/recenteqsww/Quakes/nn00252929.php</qu207>
<qu208>  5.0|2008/07/07 02:50:36|  26.0155|  95.4179|  71.80|Myanmar-India border region|http://earthquake.usgs.gov/eqcenter/recenteqsww/Quakes/us2008ueaf.php</qu208>
<qu209>  2.5|2008/07/07 00:19:47|  33.3193|-116.8615|  13.40|Southern California|http://earthquake.usgs.gov/eqcenter/recenteqsww/Quakes/ci14379396.php</qu209>
<qu210>  2.5|2008/07/06 23:43:20|  58.4318|-154.0725|  87.70|Alaska Peninsula|http://earthquake.usgs.gov/eqcenter/recenteqsww/Quakes/ak00053998.php</qu210>
<qu211>  3.2|2008/07/06 23:00:39|  19.0028| -64.8717|  38.20|Virgin Islands region|http://earthquake.usgs.gov/eqcenter/recenteqsww/Quakes/prp0818806.php</qu211>
</quakes>
<quakes>
<wequ001>  9.5|1960/05/22 19:11:14|  -38.24|-73.05|   0.0|Chile, #1|http://earthquake.usgs.gov/regional/world/events/1960_05_22.php</wequ001>
<wequ002>  9.2|1964/03/28 03:36:14|  61.02|-147.65|   0.0|Prince William Sound, Alaska, #2|http://earthquake.usgs.gov/regional/states/events/1964_03_28.php</wequ002>
<wequ003>  9.1|2004/12/26 00:58:53|  3.30|95.78|   0.0|West Coast, Northern Sumatra, #3|http://earthquake.usgs.gov/eqcenter/eqinthenews/2004/usslav/</wequ003>
<wequ004>  9.0|1952/11/04 16:58:26|  52.76|160.06|   0.0|Kamchatka, #4|http://earthquake.usgs.gov/regional/world/events/1952_11_04.php</wequ004>
<wequ005>  8.8|1906/01/31 15:35:00|  1.0|-81.5|   0.0|Off the Coast of Ecuador, #5|http://earthquake.usgs.gov/regional/world/events/1906_01_31.php</wequ005>
<wequ006>  8.7|1965/02/04 05:01:00|  51.21|178.50|   0.0|Rat Islands, Alaska, #6|http://earthquake.usgs.gov/regional/states/events/1965_02_04.php</wequ006>
<wequ007>  8.7|1755/11/01 10:16:00|  36.0|-11.0|   0.0|near Lisbon, Portugal|http://earthquake.usgs.gov/regional/world/events/1755_11_01.php</wequ007>
<wequ008>  8.6|2005/03/28 16:09:36|  2.08|97.01|   0.0|Northern Sumatra, Indonesia, #7|http://earthquake.usgs.gov/eqcenter/eqinthenews/2005/usweax/</wequ008>
<wequ009>  8.6|1950/08/15 14:09:00|  28.5|96.5|   0.0|Assam, Tibet, #8|http://earthquake.usgs.gov/regional/world/events/1950_08_15.php</wequ009>
<wequ010>  8.6|1957/03/09 14:22:31|  51.56|-175.39|   0.0|Andreanof Islands, Alaska, #9|http://earthquake.usgs.gov/regional/states/events/1957_03_09.php</wequ010>
<wequ011>  8.6|1938/02/01 19:04:00|  -5.05|131.62|   0.0|Banda Sea, Indonesia, #10|http://earthquake.usgs.gov/regional/world/events/1938_02_01.php</wequ011>
<wequ012>  8.5|1923/02/03 00:00:00|  54.0|161.0|   0.0|Kamchatka, #11|http://earthquake.usgs.gov/regional/world/10_largest_world.php</wequ012>
<wequ013>  8.5|1922/11/11 04:32:00|  -28.55|-70.5|   0.0|Chile-Argentina Border, #12|http://earthquake.usgs.gov/regional/world/events/1922_11_11.php</wequ013>
<wequ014>  8.5|1963/10/13 00:00:00|  44.9|149.6|   0.0|Kuril Islands, #13|http://earthquake.usgs.gov/regional/world/10_largest_world.php</wequ014>
<wequ015>  7.9|2008/05/12 06:28:01|  30.986|103.364|   19.0|Eastern Sichuan, China|http://earthquake.usgs.gov/eqcenter/eqinthenews/2008/us2008ryan</wequ015>
</quakes>
</project_preferences>
<host_info>
    <timezone>-18000</timezone>
    <domain_name>demo</domain_name>
    <ip_addr>192.168.2.2</ip_addr>
    <host_cpid>j282ajebw66995eaa6902ccc1c5352ea</host_cpid>
    <p_ncpus>2</p_ncpus>
    <p_vendor>GenuineIntel</p_vendor>
    <p_model>Intel(R) Core(TM)2 CPU T7600 @ 2.33GHz [x86 Family 6 Model 15 Stepping 6]</p_model>
    <p_features>FPU VME DE PSE TSC MSR PAE MCE CX8 APIC SEP MTRR PGE MCA CMOV PAT PSE36 CLFSH DS ACPI MMX FXSR SSE SSE2 SS HTT TM SSE3 MON DSCPL VMX EST TM2 MNI CX16 TPR</p_features>
    <p_fpops>1812690421.601241</p_fpops>
    <p_iops>5092600159.804576</p_iops>
    <p_membw>1000000000.000000</p_membw>
    <p_calculated>1194915400.272960</p_calculated>
    <m_nbytes>2147483648.000000</m_nbytes>
    <m_cache>1000000.000000</m_cache>
    <m_swap>23008247808.000000</m_swap>
    <d_total>159697911808.000000</d_total>
    <d_free>22746103808.000000</d_free>
    <os_name>Darwin</os_name>
    <os_version>8.10.1</os_version>
    <accelerators></accelerators>
</host_info>
<proxy_info>
    <socks_version>5</socks_version>
    <socks_server_name></socks_server_name>
    <socks_server_port>80</socks_server_port>
    <http_server_name></http_server_name>
    <http_server_port>80</http_server_port>
    <socks5_user_name></socks5_user_name>
    <socks5_user_passwd></socks5_user_passwd>
    <http_user_name></http_user_name>
    <http_user_passwd></http_user_passwd>
</proxy_info>
<global_preferences>
   <mod_time>0</mod_time>
   <run_on_batteries/>
   <run_if_user_active/>
   <suspend_if_no_recent_input>0.000000</suspend_if_no_recent_input>
   <start_hour>0.000000</start_hour>
   <end_hour>0.000000</end_hour>
   <net_start_hour>0.000000</net_start_hour>
   <net_end_hour>0.000000</net_end_hour>
   <confirm_before_connecting/>
   <work_buf_min_days>0.100000</work_buf_min_days>
   <work_buf_additional_days>0.250000</work_buf_additional_days>
   <max_cpus>1</max_cpus>
   <cpu_scheduling_period_minutes>60.000000</cpu_scheduling_period_minutes>
   <disk_interval>60.000000</disk_interval>
   <disk_max_used_gb>10.000000</disk_max_used_gb>
   <disk_max_used_pct>50.000000</disk_max_used_pct>
   <disk_min_free_gb>0.100000</disk_min_free_gb>
   <vm_max_used_pct>75.000000</vm_max_used_pct>
   <ram_max_used_busy_pct>50.000000</ram_max_used_busy_pct>
   <ram_max_used_idle_pct>90.000000</ram_max_used_idle_pct>
   <idle_time_to_run>3.000000</idle_time_to_run>
   <max_bytes_sec_up>0.000000</max_bytes_sec_up>
   <max_bytes_sec_down>0.000000</max_bytes_sec_down>
   <cpu_usage_limit>100.000000</cpu_usage_limit>
</global_preferences>
</app_init_data>

