<app_init_data>
<major_version>6</major_version>
<minor_version>1</minor_version>
<release>0</release>
<app_version>212</app_version>
<app_name>qcn</app_name>
<user_name>Jesse Lawrence</user_name>
<team_name>Stanford University</team_name>
<project_dir>../../projects/qcn.edu_qcn</project_dir>
<boinc_dir>../../</boinc_dir>
<authenticator>j8fb6ed9d720f8a2da26311575644803</authenticator>
<wu_name>qcn1</wu_name>
<shm_key>16940501</shm_key>
<slot>0</slot>
<wu_cpu_time>0.000000</wu_cpu_time>
<user_total_credit>0.000000</user_total_credit>
<user_expavg_credit>0.000000</user_expavg_credit>
<host_total_credit>0.000000</host_total_credit>
<host_expavg_credit>0.000000</host_expavg_credit>
<resource_share_fraction>1.000000</resource_share_fraction>
<checkpoint_period>60.000000</checkpoint_period>
<fraction_done_update_period>1.000000</fraction_done_update_period>
<fraction_done_start>0.000000</fraction_done_start>
<fraction_done_end>1.000000</fraction_done_end>
<rsc_fpops_est>1000000.000000</rsc_fpops_est>
<rsc_fpops_bound>10000000000.000000</rsc_fpops_bound>
<rsc_memory_bound>100000000.000000</rsc_memory_bound>
<rsc_disk_bound>100000000.000000</rsc_disk_bound>
<project_preferences>

<quakes>
<qu001>  2.7|2008/11/02 23:13:20|  60.7462|-137.7526|  20.40|Southern Yukon Territory, Canada|http://earthquake.usgs.gov/eqcenter/recenteqsww/Quakes/ak00075936.php</qu001>
<qu002>  3.6|2008/11/02 21:45:20|  19.4210| -66.3673|   6.10|Puerto Rico region|http://earthquake.usgs.gov/eqcenter/recenteqsww/Quakes/prp0830716.php</qu002>
<qu003>  2.6|2008/11/02 21:45:11|  51.4518|-174.4754|  47.50|Andreanof Islands, Aleutian Islands, Alaska|http://earthquake.usgs.gov/eqcenter/recenteqsww/Quakes/ak00075923.php</qu003>
<qu004>  3.4|2008/11/02 21:01:02|  19.6497| -66.2822|  21.10|Puerto Rico region|http://earthquake.usgs.gov/eqcenter/recenteqsww/Quakes/prp0830717.php</qu004>
<qu005>  3.4|2008/11/02 20:58:19|  66.7527|-158.3075|  12.30|northern Alaska|http://earthquake.usgs.gov/eqcenter/recenteqsww/Quakes/ak00075916.php</qu005>
<qu006>  5.5|2008/11/02 20:42:37|  19.4310| -66.3830|  10.00|Puerto Rico region|http://earthquake.usgs.gov/eqcenter/recenteqsww/Quakes/us2008yxb6.php</qu006>
<qu007>  3.2|2008/11/02 19:54:20|  19.3717| -66.2933|  97.90|Puerto Rico region|http://earthquake.usgs.gov/eqcenter/recenteqsww/Quakes/prp0830713.php</qu007>
<qu008>  2.6|2008/11/02 19:33:55|  40.8740|-111.5943|   0.20|Utah|http://earthquake.usgs.gov/eqcenter/recenteqsww/Quakes/uu00001558.php</qu008>
<qu009>  2.5|2008/11/02 18:15:05|  51.8565|-174.8066|  37.50|Andreanof Islands, Aleutian Islands, Alaska|http://earthquake.usgs.gov/eqcenter/recenteqsww/Quakes/ak00075904.php</qu009>
<qu010>  3.5|2008/11/02 17:41:13|  19.0472| -64.0233|  59.60|Virgin Islands region|http://earthquake.usgs.gov/eqcenter/recenteqsww/Quakes/prp0830711.php</qu010>
<qu011>  2.5|2008/11/02 17:14:52|  51.8611|-174.7981|   0.50|Andreanof Islands, Aleutian Islands, Alaska|http://earthquake.usgs.gov/eqcenter/recenteqsww/Quakes/ak00075896.php</qu011>
<qu012>  3.1|2008/11/02 17:08:13|  51.8085|-174.6095|  53.20|Andreanof Islands, Aleutian Islands, Alaska|http://earthquake.usgs.gov/eqcenter/recenteqsww/Quakes/ak00075894.php</qu012>
<qu013>  2.8|2008/11/02 17:01:48|  19.3312|-155.1448|   7.60|Island of Hawaii, Hawaii|http://earthquake.usgs.gov/eqcenter/recenteqsww/Quakes/hv00031367.php</qu013>
<qu014>  2.5|2008/11/02 16:49:49|  51.5862|-174.4640|  36.40|Andreanof Islands, Aleutian Islands, Alaska|http://earthquake.usgs.gov/eqcenter/recenteqsww/Quakes/ak00075892.php</qu014>
<qu015>  3.3|2008/11/02 16:03:52|  51.3888|-174.4390|  13.10|Andreanof Islands, Aleutian Islands, Alaska|http://earthquake.usgs.gov/eqcenter/recenteqsww/Quakes/ak00075882.php</qu015>
<qu016>  3.4|2008/11/02 15:11:58|  51.4121|-174.4827|  11.80|Andreanof Islands, Aleutian Islands, Alaska|http://earthquake.usgs.gov/eqcenter/recenteqsww/Quakes/ak00075872.php</qu016>
<qu017>  3.8|2008/11/02 15:06:54|  51.3340|-174.3441|  12.00|Andreanof Islands, Aleutian Islands, Alaska|http://earthquake.usgs.gov/eqcenter/recenteqsww/Quakes/ak00075868.php</qu017>
<qu018>  5.2|2008/11/02 15:01:00| -29.9851|-177.0442|  44.90|Kermadec Islands, New Zealand|http://earthquake.usgs.gov/eqcenter/recenteqsww/Quakes/us2008yxbk.php</qu018>
<qu019>  3.0|2008/11/02 14:58:40|  51.4502|-174.4574|  27.50|Andreanof Islands, Aleutian Islands, Alaska|http://earthquake.usgs.gov/eqcenter/recenteqsww/Quakes/ak00075861.php</qu019>
<qu020>  2.5|2008/11/02 14:56:58|  51.5443|-174.5110|  33.90|Andreanof Islands, Aleutian Islands, Alaska|http://earthquake.usgs.gov/eqcenter/recenteqsww/Quakes/ak00075860.php</qu020>
<qu021>  2.6|2008/11/02 14:46:58|  51.8864|-174.7819|  30.70|Andreanof Islands, Aleutian Islands, Alaska|http://earthquake.usgs.gov/eqcenter/recenteqsww/Quakes/ak00075858.php</qu021>
<qu022>  3.0|2008/11/02 14:37:54|  51.4596|-174.4011|  59.00|Andreanof Islands, Aleutian Islands, Alaska|http://earthquake.usgs.gov/eqcenter/recenteqsww/Quakes/ak00075855.php</qu022>
<qu023>  3.3|2008/11/02 14:21:13|  51.7836|-174.6580|  54.10|Andreanof Islands, Aleutian Islands, Alaska|http://earthquake.usgs.gov/eqcenter/recenteqsww/Quakes/ak00075851.php</qu023>
<qu024>  2.7|2008/11/02 14:10:29|  51.7612|-174.6376|  39.70|Andreanof Islands, Aleutian Islands, Alaska|http://earthquake.usgs.gov/eqcenter/recenteqsww/Quakes/ak00075850.php</qu024>
<qu025>  3.0|2008/11/02 13:59:02|  37.3852|-118.4647|   8.70|Central California|http://earthquake.usgs.gov/eqcenter/recenteqsww/Quakes/nc51210490.php</qu025>
<qu026>  4.1|2008/11/02 13:55:19|  51.5312|-174.4917|  10.00|Andreanof Islands, Aleutian Islands, Alaska|http://earthquake.usgs.gov/eqcenter/recenteqsww/Quakes/ak00075843.php</qu026>
<qu027>  2.8|2008/11/02 13:54:02|  19.2273| -64.8203|  44.90|Virgin Islands region|http://earthquake.usgs.gov/eqcenter/recenteqsww/Quakes/prp0830707.php</qu027>
<qu028>  6.1|2008/11/02 13:48:44|  51.6332|-174.3787|  51.40|Andreanof Islands, Aleutian Islands, Alaska|http://earthquake.usgs.gov/eqcenter/recenteqsww/Quakes/us2008yxbh.php</qu028>
<qu029>  4.4|2008/11/02 13:39:58|  51.6946|-174.3613|  47.80|Andreanof Islands, Aleutian Islands, Alaska|http://earthquake.usgs.gov/eqcenter/recenteqsww/Quakes/us2008yxbf.php</qu029>
<qu030>  2.8|2008/11/02 11:54:20|  17.9558| -66.4255|   7.10|Puerto Rico region|http://earthquake.usgs.gov/eqcenter/recenteqsww/Quakes/prp0830704.php</qu030>
<qu031>  2.7|2008/11/02 10:54:37|  51.5839|-177.3947|   0.00|Andreanof Islands, Aleutian Islands, Alaska|http://earthquake.usgs.gov/eqcenter/recenteqsww/Quakes/ak00075809.php</qu031>
<qu032>  4.7|2008/11/02 09:32:01|  -5.9599| 103.6851|  47.80|southern Sumatra, Indonesia|http://earthquake.usgs.gov/eqcenter/recenteqsww/Quakes/us2008yxa6.php</qu032>
<qu033>  2.7|2008/11/02 09:30:47|  51.6576|-174.5368|  30.90|Andreanof Islands, Aleutian Islands, Alaska|http://earthquake.usgs.gov/eqcenter/recenteqsww/Quakes/ak00075796.php</qu033>
<qu034>  4.8|2008/11/02 08:05:21|  17.2292| -62.4187|  10.00|Saint Kitts and Nevis region, Leeward Islands|http://earthquake.usgs.gov/eqcenter/recenteqsww/Quakes/us2008yxa1.php</qu034>
<qu035>  3.7|2008/11/02 08:02:11|  51.1956|-174.1709|  12.60|Andreanof Islands, Aleutian Islands, Alaska|http://earthquake.usgs.gov/eqcenter/recenteqsww/Quakes/ak00075789.php</qu035>
<qu036>  3.3|2008/11/02 08:00:28|  51.7872|-174.6497|  51.30|Andreanof Islands, Aleutian Islands, Alaska|http://earthquake.usgs.gov/eqcenter/recenteqsww/Quakes/ak00075790.php</qu036>
<qu037>  3.0|2008/11/02 07:26:30|  47.3223| -71.2336|  32.10|southern Quebec, Canada|http://earthquake.usgs.gov/eqcenter/recenteqsww/Quakes/ne00001079.php</qu037>
<qu038>  5.1|2008/11/02 05:33:57|  13.5065| 144.9872|  37.50|Guam region|http://earthquake.usgs.gov/eqcenter/recenteqsww/Quakes/us2008yxay.php</qu038>
<qu039>  3.4|2008/11/02 04:44:58|  66.1804|-135.6026|  10.00|northern Yukon Territory, Canada|http://earthquake.usgs.gov/eqcenter/recenteqsww/Quakes/ak00075779.php</qu039>
<qu040>  2.8|2008/11/02 04:33:04|  19.1437| -66.1238|  27.80|Puerto Rico region|http://earthquake.usgs.gov/eqcenter/recenteqsww/Quakes/prp0830701.php</qu040>
<qu041>  3.1|2008/11/02 03:34:35|  37.1640|-121.5547|   5.40|Northern California|http://earthquake.usgs.gov/eqcenter/recenteqsww/Quakes/nc51210469.php</qu041>
<qu042>  2.5|2008/11/02 02:49:36|  19.7845|-155.5672|  12.20|Island of Hawaii, Hawaii|http://earthquake.usgs.gov/eqcenter/recenteqsww/Quakes/hv00031359.php</qu042>
<qu043>  4.7|2008/11/02 02:36:02|  44.9630| 150.7489|  39.00|east of the Kuril Islands|http://earthquake.usgs.gov/eqcenter/recenteqsww/Quakes/us2008yxal.php</qu043>
<qu044>  2.9|2008/11/02 02:13:58|  51.6722|-174.6382|  38.00|Andreanof Islands, Aleutian Islands, Alaska|http://earthquake.usgs.gov/eqcenter/recenteqsww/Quakes/ak00075762.php</qu044>
<qu045>  2.7|2008/11/02 02:00:50|  34.4298| -92.7760|   5.00|Arkansas|http://earthquake.usgs.gov/eqcenter/recenteqsww/Quakes/us2008yxan.php</qu045>
<qu046>  2.5|2008/11/02 01:52:40|  51.6832|-174.6283|  78.10|Andreanof Islands, Aleutian Islands, Alaska|http://earthquake.usgs.gov/eqcenter/recenteqsww/Quakes/ak00075758.php</qu046>
<qu047>  4.5|2008/11/02 01:45:50|  51.4520|-174.3282|  43.00|Andreanof Islands, Aleutian Islands, Alaska|http://earthquake.usgs.gov/eqcenter/recenteqsww/Quakes/us2008yxah.php</qu047>
<qu048>  4.6|2008/11/02 00:39:49|  13.3561|  50.8718|  10.00|Gulf of Aden|http://earthquake.usgs.gov/eqcenter/recenteqsww/Quakes/us2008yxae.php</qu048>
<qu049>  3.7|2008/11/02 00:33:15|  51.3878|-174.4692|  10.00|Andreanof Islands, Aleutian Islands, Alaska|http://earthquake.usgs.gov/eqcenter/recenteqsww/Quakes/ak00075744.php</qu049>
<qu050>  2.7|2008/11/02 00:19:28|  51.3595|-174.3607|  36.40|Andreanof Islands, Aleutian Islands, Alaska|http://earthquake.usgs.gov/eqcenter/recenteqsww/Quakes/ak00075741.php</qu050>
<qu051>  2.7|2008/11/01 23:44:10|  36.5792|-120.6882|  13.20|Central California|http://earthquake.usgs.gov/eqcenter/recenteqsww/Quakes/nc51210449.php</qu051>
<qu052>  4.9|2008/11/01 23:33:50|  51.6214|-174.2865|  37.70|Andreanof Islands, Aleutian Islands, Alaska|http://earthquake.usgs.gov/eqcenter/recenteqsww/Quakes/us2008ywc3.php</qu052>
<qu053>  3.2|2008/11/01 22:59:00|  61.4821|-149.9278|  39.30|Southern Alaska|http://earthquake.usgs.gov/eqcenter/recenteqsww/Quakes/ak00075729.php</qu053>
<qu054>  4.9|2008/11/01 22:49:17|  45.2999| 150.5298|  24.00|Kuril Islands|http://earthquake.usgs.gov/eqcenter/recenteqsww/Quakes/us2008ywcz.php</qu054>
<qu055>  2.9|2008/11/01 21:59:19|  40.2802|-124.4350|  23.00|offshore Northern California|http://earthquake.usgs.gov/eqcenter/recenteqsww/Quakes/nc51210446.php</qu055>
<qu056>  3.6|2008/11/01 21:10:31|  53.5597|-165.2254| 100.00|Fox Islands, Aleutian Islands, Alaska|http://earthquake.usgs.gov/eqcenter/recenteqsww/Quakes/ak00075722.php</qu056>
<qu057>  4.5|2008/11/01 20:40:30| -12.3558| -76.8931|  50.30|near the coast of central Peru|http://earthquake.usgs.gov/eqcenter/recenteqsww/Quakes/us2008ywcp.php</qu057>
<qu058>  2.6|2008/11/01 19:04:31|  18.4682| -67.3628|  41.70|Mona Passage, Puerto Rico|http://earthquake.usgs.gov/eqcenter/recenteqsww/Quakes/prp0830608.php</qu058>
<qu059>  3.3|2008/11/01 18:41:22|  66.8202|-158.2751|   0.00|northern Alaska|http://earthquake.usgs.gov/eqcenter/recenteqsww/Quakes/ak00075714.php</qu059>
<qu060>  3.0|2008/11/01 17:52:04|  55.9286|-161.6247| 100.00|Alaska Peninsula|http://earthquake.usgs.gov/eqcenter/recenteqsww/Quakes/ak00075701.php</qu060>
<qu061>  2.9|2008/11/01 17:03:17|  39.8290|-114.4800|   0.00|Nevada|http://earthquake.usgs.gov/eqcenter/recenteqsww/Quakes/nn00264294.php</qu061>
<qu062>  4.4|2008/11/01 17:02:04|   7.9793| -77.3423|  36.90|Panama-Colombia border region|http://earthquake.usgs.gov/eqcenter/recenteqsww/Quakes/us2008ywbx.php</qu062>
<qu063>  4.6|2008/11/01 16:48:28| -12.5767| 166.9482| 216.90|Santa Cruz Islands|http://earthquake.usgs.gov/eqcenter/recenteqsww/Quakes/us2008ywb5.php</qu063>
<qu064>  2.7|2008/11/01 16:19:07|  51.3822|-174.4141|  10.00|Andreanof Islands, Aleutian Islands, Alaska|http://earthquake.usgs.gov/eqcenter/recenteqsww/Quakes/ak00075693.php</qu064>
<qu065>  4.5|2008/11/01 14:55:25|  30.5440|  67.5429|   1.40|Pakistan|http://earthquake.usgs.gov/eqcenter/recenteqsww/Quakes/us2008ywbk.php</qu065>
<qu066>  3.5|2008/11/01 14:04:46|  51.4943|-177.5921|  48.90|Andreanof Islands, Aleutian Islands, Alaska|http://earthquake.usgs.gov/eqcenter/recenteqsww/Quakes/ak00075688.php</qu066>
<qu067>  2.9|2008/11/01 13:55:19|  18.5557| -64.9222| 115.30|Virgin Islands region|http://earthquake.usgs.gov/eqcenter/recenteqsww/Quakes/prp0830606.php</qu067>
<qu068>  2.8|2008/11/01 13:46:18|  51.5023|-174.5568|  29.00|Andreanof Islands, Aleutian Islands, Alaska|http://earthquake.usgs.gov/eqcenter/recenteqsww/Quakes/ak00075686.php</qu068>
<qu069>  2.8|2008/11/01 13:16:44|  17.8387| -65.1167|  15.00|Virgin Islands region|http://earthquake.usgs.gov/eqcenter/recenteqsww/Quakes/prp0830605.php</qu069>
<qu070>  2.8|2008/11/01 13:13:14|  55.1330|-162.3683|   7.90|Alaska Peninsula|http://earthquake.usgs.gov/eqcenter/recenteqsww/Quakes/ak00075677.php</qu070>
<qu071>  3.6|2008/11/01 12:14:13|  51.7803|-174.6357|  57.20|Andreanof Islands, Aleutian Islands, Alaska|http://earthquake.usgs.gov/eqcenter/recenteqsww/Quakes/ak00075666.php</qu071>
<qu072>  2.7|2008/11/01 11:54:30|  32.8736| -96.9677|   5.00|northern Texas|http://earthquake.usgs.gov/eqcenter/recenteqsww/Quakes/us2008ywbd.php</qu072>
<qu073>  2.5|2008/11/01 11:53:46|  32.7659| -97.0352|   5.00|northern Texas|http://earthquake.usgs.gov/eqcenter/recenteqsww/Quakes/us2008ywbc.php</qu073>
<qu074>  3.5|2008/11/01 11:31:38|  51.1966|-174.1604|  19.90|Andreanof Islands, Aleutian Islands, Alaska|http://earthquake.usgs.gov/eqcenter/recenteqsww/Quakes/ak00075662.php</qu074>
<qu075>  3.3|2008/11/01 11:26:34|  51.1751|-174.1283|  32.40|Andreanof Islands, Aleutian Islands, Alaska|http://earthquake.usgs.gov/eqcenter/recenteqsww/Quakes/ak00075658.php</qu075>
<qu076>  3.6|2008/11/01 11:23:34|  51.1938|-174.2453|   6.00|Andreanof Islands, Aleutian Islands, Alaska|http://earthquake.usgs.gov/eqcenter/recenteqsww/Quakes/ak00075656.php</qu076>
<qu077>  4.5|2008/11/01 10:23:47|  -7.0095| 129.4874| 120.20|Kepulauan Babar, Indonesia|http://earthquake.usgs.gov/eqcenter/recenteqsww/Quakes/us2008ywa7.php</qu077>
<qu078>  4.9|2008/11/01 09:23:13|  18.4457| 147.1609|  60.30|Mariana Islands region|http://earthquake.usgs.gov/eqcenter/recenteqsww/Quakes/us2008ywa3.php</qu078>
<qu079>  4.2|2008/11/01 09:22:48|  51.5022|-174.3947|  38.60|Andreanof Islands, Aleutian Islands, Alaska|http://earthquake.usgs.gov/eqcenter/recenteqsww/Quakes/us2008ywa2.php</qu079>
<qu080>  2.9|2008/11/01 07:05:41|  51.1796|-178.4510|  23.60|Andreanof Islands, Aleutian Islands, Alaska|http://earthquake.usgs.gov/eqcenter/recenteqsww/Quakes/ak00075642.php</qu080>
<qu081>  4.7|2008/11/01 06:50:35|  51.9891| 158.7343|  73.50|near the east coast of the Kamchatka Peninsula, Russia|http://earthquake.usgs.gov/eqcenter/recenteqsww/Quakes/us2008ywaw.php</qu081>
<qu082>  2.8|2008/11/01 05:12:19|  32.6588|-116.0401|   6.00|Southern California|http://earthquake.usgs.gov/eqcenter/recenteqsww/Quakes/ci10357333.php</qu082>
<qu083>  4.4|2008/11/01 05:10:37|  10.6014| 126.0566| 100.30|Philippine Islands region|http://earthquake.usgs.gov/eqcenter/recenteqsww/Quakes/us2008ywat.php</qu083>
<qu084>  3.7|2008/11/01 04:35:24|  51.3452|-174.2670|  25.00|Andreanof Islands, Aleutian Islands, Alaska|http://earthquake.usgs.gov/eqcenter/recenteqsww/Quakes/ak00075615.php</qu084>
<qu085>  2.8|2008/11/01 04:27:03|  51.5742|-174.3328| 100.00|Andreanof Islands, Aleutian Islands, Alaska|http://earthquake.usgs.gov/eqcenter/recenteqsww/Quakes/ak00075613.php</qu085>
<qu086>  3.1|2008/11/01 04:18:28|  19.0257| -64.8967|  54.00|Virgin Islands region|http://earthquake.usgs.gov/eqcenter/recenteqsww/Quakes/prp0830603.php</qu086>
<qu087>  5.0|2008/11/01 04:07:56|  -3.3779| 148.6984|  10.00|Bismarck Sea|http://earthquake.usgs.gov/eqcenter/recenteqsww/Quakes/us2008ywan.php</qu087>
<qu088>  2.6|2008/11/01 03:58:20|  66.4591|-157.7264|  20.90|northern Alaska|http://earthquake.usgs.gov/eqcenter/recenteqsww/Quakes/ak00075611.php</qu088>
<qu089>  3.5|2008/11/01 03:33:58|  66.4325|-157.9087|  16.50|northern Alaska|http://earthquake.usgs.gov/eqcenter/recenteqsww/Quakes/ak00075609.php</qu089>
<qu090>  2.5|2008/11/01 03:32:42|  51.6245|-174.6548|  15.30|Andreanof Islands, Aleutian Islands, Alaska|http://earthquake.usgs.gov/eqcenter/recenteqsww/Quakes/ak00075608.php</qu090>
<qu091>  3.6|2008/11/01 02:57:16|  51.1446|-174.1134|   7.40|Andreanof Islands, Aleutian Islands, Alaska|http://earthquake.usgs.gov/eqcenter/recenteqsww/Quakes/ak00075600.php</qu091>
<qu092>  3.2|2008/11/01 02:46:32|  36.5308|-121.9185|  10.00|Central California|http://earthquake.usgs.gov/eqcenter/recenteqsww/Quakes/nc51210418.php</qu092>
<qu093>  2.6|2008/11/01 02:01:15|  66.4686|-157.5328|  17.70|northern Alaska|http://earthquake.usgs.gov/eqcenter/recenteqsww/Quakes/ak00075594.php</qu093>
<qu094>  3.1|2008/11/01 01:36:46|  19.4657| -66.3413|  50.60|Puerto Rico region|http://earthquake.usgs.gov/eqcenter/recenteqsww/Quakes/prp0830602.php</qu094>
<qu095>  5.4|2008/11/01 01:34:26|  -6.6805| 129.2484|  10.00|Banda Sea|http://earthquake.usgs.gov/eqcenter/recenteqsww/Quakes/us2008ywah.php</qu095>
<qu096>  6.0|2008/11/01 01:13:10|  -3.3954| 148.5433|  10.00|Bismarck Sea|http://earthquake.usgs.gov/eqcenter/recenteqsww/Quakes/us2008ywae.php</qu096>
<qu097>  3.0|2008/11/01 00:48:28|  18.4237| -68.0892|  92.20|Mona Passage, Dominican Republic|http://earthquake.usgs.gov/eqcenter/recenteqsww/Quakes/prp0830601.php</qu097>
<qu098>  2.5|2008/11/01 00:33:51|  51.5880|-174.6679|  13.40|Andreanof Islands, Aleutian Islands, Alaska|http://earthquake.usgs.gov/eqcenter/recenteqsww/Quakes/ak00075501.php</qu098>
<qu099>  3.1|2008/11/01 00:10:07|  53.9122|-166.2722|   9.80|Fox Islands, Aleutian Islands, Alaska|http://earthquake.usgs.gov/eqcenter/recenteqsww/Quakes/ak00075490.php</qu099>
<qu100>  2.7|2008/11/01 00:05:29|  51.9078|-174.7845|  36.80|Andreanof Islands, Aleutian Islands, Alaska|http://earthquake.usgs.gov/eqcenter/recenteqsww/Quakes/ak00075489.php</qu100>
<qu101>  5.1|2008/10/31 23:59:53|  30.5644|  67.5336|  10.00|Pakistan|http://earthquake.usgs.gov/eqcenter/recenteqsww/Quakes/us2008yvdl.php</qu101>
<qu102>  5.0|2008/10/31 23:26:40|  51.4782|-174.4624|  43.50|Andreanof Islands, Aleutian Islands, Alaska|http://earthquake.usgs.gov/eqcenter/recenteqsww/Quakes/us2008yvdi.php</qu102>
<qu103>  2.6|2008/10/31 23:25:10|  51.3311|-174.5003|   3.30|Andreanof Islands, Aleutian Islands, Alaska|http://earthquake.usgs.gov/eqcenter/recenteqsww/Quakes/ak00075470.php</qu103>
<qu104>  2.9|2008/10/31 23:21:48|  51.3648|-174.4370|  11.00|Andreanof Islands, Aleutian Islands, Alaska|http://earthquake.usgs.gov/eqcenter/recenteqsww/Quakes/ak00075480.php</qu104>
<qu105>  2.5|2008/10/31 23:19:35|  51.8745|-174.9202|  16.30|Andreanof Islands, Aleutian Islands, Alaska|http://earthquake.usgs.gov/eqcenter/recenteqsww/Quakes/ak00075465.php</qu105>
<qu106>  4.9|2008/10/31 23:05:16|  51.4257|-174.3322|  44.70|Andreanof Islands, Aleutian Islands, Alaska|http://earthquake.usgs.gov/eqcenter/recenteqsww/Quakes/us2008yvdg.php</qu106>
<qu107>  4.4|2008/10/31 23:05:07|  51.4159|-174.3362|  42.70|Andreanof Islands, Aleutian Islands, Alaska|http://earthquake.usgs.gov/eqcenter/recenteqsww/Quakes/us2008yvdm.php</qu107>
<qu108>  4.3|2008/10/31 22:55:35|  36.5683|  70.0764| 213.00|Hindu Kush region, Afghanistan|http://earthquake.usgs.gov/eqcenter/recenteqsww/Quakes/us2008yvdd.php</qu108>
<qu109>  2.9|2008/10/31 22:52:00|  51.4672|-174.4058|  34.40|Andreanof Islands, Aleutian Islands, Alaska|http://earthquake.usgs.gov/eqcenter/recenteqsww/Quakes/ak00075457.php</qu109>
<qu110>  3.0|2008/10/31 22:34:10|  51.3359|-174.3680|   9.50|Andreanof Islands, Aleutian Islands, Alaska|http://earthquake.usgs.gov/eqcenter/recenteqsww/Quakes/ak00075449.php</qu110>
<qu111>  3.0|2008/10/31 22:32:30|  51.0221|-173.9170|   7.80|Andreanof Islands, Aleutian Islands, Alaska|http://earthquake.usgs.gov/eqcenter/recenteqsww/Quakes/ak00075450.php</qu111>
<qu112>  2.6|2008/10/31 22:23:03|  51.7598|-174.6520|  30.90|Andreanof Islands, Aleutian Islands, Alaska|http://earthquake.usgs.gov/eqcenter/recenteqsww/Quakes/ak00075441.php</qu112>
<qu113>  3.6|2008/10/31 22:19:08|  51.3497|-174.3551|  22.00|Andreanof Islands, Aleutian Islands, Alaska|http://earthquake.usgs.gov/eqcenter/recenteqsww/Quakes/ak00075436.php</qu113>
<qu114>  5.1|2008/10/31 22:10:36|  51.6168|-174.4273|  44.50|Andreanof Islands, Aleutian Islands, Alaska|http://earthquake.usgs.gov/eqcenter/recenteqsww/Quakes/us2008yvc8.php</qu114>
<qu115>  4.0|2008/10/31 21:24:34|  36.4694|  68.6973|  70.90|Hindu Kush region, Afghanistan|http://earthquake.usgs.gov/eqcenter/recenteqsww/Quakes/us2008yvc1.php</qu115>
<qu116>  2.9|2008/10/31 21:01:01|  32.7880| -97.0283|   5.00|northern Texas|http://earthquake.usgs.gov/eqcenter/recenteqsww/Quakes/us2008yvc3.php</qu116>
<qu117>  2.8|2008/10/31 20:59:50|  51.3961|-174.4411|   7.40|Andreanof Islands, Aleutian Islands, Alaska|http://earthquake.usgs.gov/eqcenter/recenteqsww/Quakes/ak00075424.php</qu117>
<qu118>  2.9|2008/10/31 20:54:18|  32.8313| -97.0277|   5.00|northern Texas|http://earthquake.usgs.gov/eqcenter/recenteqsww/Quakes/us2008yvc2.php</qu118>
<qu119>  4.6|2008/10/31 20:07:46|   4.0431| -76.2451|  59.70|Colombia|http://earthquake.usgs.gov/eqcenter/recenteqsww/Quakes/us2008yvcu.php</qu119>
<qu120>  3.7|2008/10/31 19:28:29|  39.6563|  73.6357|  35.00|Kyrgyzstan|http://earthquake.usgs.gov/eqcenter/recenteqsww/Quakes/us2008yvcj.php</qu120>
<qu121>  3.1|2008/10/31 18:51:28|  18.9292| -65.3393|  71.60|Puerto Rico region|http://earthquake.usgs.gov/eqcenter/recenteqsww/Quakes/prp0830508.php</qu121>
<qu122>  2.9|2008/10/31 18:46:22|  19.1335| -65.1133|  38.50|Virgin Islands region|http://earthquake.usgs.gov/eqcenter/recenteqsww/Quakes/prp0830507.php</qu122>
<qu123>  2.7|2008/10/31 18:44:37|  63.4421|-145.0315|   8.60|Central Alaska|http://earthquake.usgs.gov/eqcenter/recenteqsww/Quakes/ak00075406.php</qu123>
<qu124>  2.7|2008/10/31 18:10:27|  51.5087|-174.4935|  17.50|Andreanof Islands, Aleutian Islands, Alaska|http://earthquake.usgs.gov/eqcenter/recenteqsww/Quakes/ak00075405.php</qu124>
<qu125>  4.6|2008/10/31 17:08:15|  52.0290|-169.9092|  21.80|Fox Islands, Aleutian Islands, Alaska|http://earthquake.usgs.gov/eqcenter/recenteqsww/Quakes/us2008yvb7.php</qu125>
<qu126>  2.9|2008/10/31 16:37:34|  35.7700| -84.0000|   7.60|eastern Tennessee|http://earthquake.usgs.gov/eqcenter/recenteqsww/Quakes/semmw1031a.php</qu126>
<qu127>  2.7|2008/10/31 16:30:37|  51.4461|-174.5050|  10.00|Andreanof Islands, Aleutian Islands, Alaska|http://earthquake.usgs.gov/eqcenter/recenteqsww/Quakes/ak00075383.php</qu127>
<qu128>  3.8|2008/10/31 16:19:38|  51.7650|-174.6185|  46.70|Andreanof Islands, Aleutian Islands, Alaska|http://earthquake.usgs.gov/eqcenter/recenteqsww/Quakes/ak00075371.php</qu128>
<qu129>  3.6|2008/10/31 16:17:34|  51.2161|-174.1837|   8.80|Andreanof Islands, Aleutian Islands, Alaska|http://earthquake.usgs.gov/eqcenter/recenteqsww/Quakes/ak00075370.php</qu129>
<qu130>  3.0|2008/10/31 16:03:00|  63.8735|-148.7323|  13.10|Central Alaska|http://earthquake.usgs.gov/eqcenter/recenteqsww/Quakes/ak00075364.php</qu130>
<qu131>  3.1|2008/10/31 15:42:01|  51.2040|-174.2229|   8.20|Andreanof Islands, Aleutian Islands, Alaska|http://earthquake.usgs.gov/eqcenter/recenteqsww/Quakes/ak00075360.php</qu131>
<qu132>  3.3|2008/10/31 15:15:38|  51.4058|-174.4116|  36.80|Andreanof Islands, Aleutian Islands, Alaska|http://earthquake.usgs.gov/eqcenter/recenteqsww/Quakes/ak00075357.php</qu132>
<qu133>  3.9|2008/10/31 14:47:28|  51.6052|-174.5994|  13.70|Andreanof Islands, Aleutian Islands, Alaska|http://earthquake.usgs.gov/eqcenter/recenteqsww/Quakes/ak00075353.php</qu133>
<qu134>  2.5|2008/10/31 14:43:42|  51.6362|-174.5565|  38.70|Andreanof Islands, Aleutian Islands, Alaska|http://earthquake.usgs.gov/eqcenter/recenteqsww/Quakes/ak00075349.php</qu134>
<qu135>  4.1|2008/10/31 14:32:40|  51.3689|-174.2879|  18.80|Andreanof Islands, Aleutian Islands, Alaska|http://earthquake.usgs.gov/eqcenter/recenteqsww/Quakes/ak00075343.php</qu135>
<qu136>  4.4|2008/10/31 14:22:59|  51.4151|-174.3542|  50.50|Andreanof Islands, Aleutian Islands, Alaska|http://earthquake.usgs.gov/eqcenter/recenteqsww/Quakes/ak00075339.php</qu136>
<qu137>  2.5|2008/10/31 14:12:33|  51.4154|-174.4489|  17.30|Andreanof Islands, Aleutian Islands, Alaska|http://earthquake.usgs.gov/eqcenter/recenteqsww/Quakes/ak00075337.php</qu137>
<qu138>  2.8|2008/10/31 13:48:03|  19.0590| -66.8202|   7.90|Puerto Rico region|http://earthquake.usgs.gov/eqcenter/recenteqsww/Quakes/prp0830505.php</qu138>
<qu139>  3.1|2008/10/31 12:01:08|  51.3690|-174.3735|  13.10|Andreanof Islands, Aleutian Islands, Alaska|http://earthquake.usgs.gov/eqcenter/recenteqsww/Quakes/ak00075372.php</qu139>
<qu140>  4.8|2008/10/31 11:44:27|  51.6361|-174.3531|  49.60|Andreanof Islands, Aleutian Islands, Alaska|http://earthquake.usgs.gov/eqcenter/recenteqsww/Quakes/us2008yvbf.php</qu140>
<qu141>  2.5|2008/10/31 11:39:20|  51.5438|-177.5724|   0.00|Andreanof Islands, Aleutian Islands, Alaska|http://earthquake.usgs.gov/eqcenter/recenteqsww/Quakes/ak00075320.php</qu141>
<qu142>  3.3|2008/10/31 08:59:10|  19.2217| -64.8567|  32.20|Virgin Islands region|http://earthquake.usgs.gov/eqcenter/recenteqsww/Quakes/prp0830504.php</qu142>
<qu143>  2.9|2008/10/31 07:58:23|  32.8318| -97.0124|   5.00|northern Texas|http://earthquake.usgs.gov/eqcenter/recenteqsww/Quakes/us2008yvaw.php</qu143>
<qu144>  4.4|2008/10/31 06:58:04|  28.3334| 138.5498| 528.40|Bonin Islands, Japan region|http://earthquake.usgs.gov/eqcenter/recenteqsww/Quakes/us2008yvat.php</qu144>
<qu145>  2.6|2008/10/31 05:33:45|  32.8715| -96.9705|   5.00|northern Texas|http://earthquake.usgs.gov/eqcenter/recenteqsww/Quakes/us2008yvan.php</qu145>
<qu146>  3.0|2008/10/31 05:01:54|  32.8359| -97.0290|   5.00|northern Texas|http://earthquake.usgs.gov/eqcenter/recenteqsww/Quakes/us2008yvas.php</qu146>
<qu147>  2.6|2008/10/31 04:25:52|  32.8000| -97.0164|   5.00|northern Texas|http://earthquake.usgs.gov/eqcenter/recenteqsww/Quakes/us2008yvar.php</qu147>
<qu148>  3.0|2008/10/31 02:36:47|  18.7580| -64.2923|  34.10|Virgin Islands region|http://earthquake.usgs.gov/eqcenter/recenteqsww/Quakes/prp0830501.php</qu148>
<qu149>  4.8|2008/10/31 02:06:12|  31.9227| 104.6125|  10.00|eastern Sichuan, China|http://earthquake.usgs.gov/eqcenter/recenteqsww/Quakes/us2008yvaf.php</qu149>
<qu150>  2.9|2008/10/31 00:14:13|  52.3330|-174.2723|  89.60|Andreanof Islands, Aleutian Islands, Alaska|http://earthquake.usgs.gov/eqcenter/recenteqsww/Quakes/ak00075283.php</qu150>
<qu151>  5.2|2008/10/31 00:00:00|  52.1000|-175.9000| 178.00|Andreanof Islands, Aleutian Islands, Alaska|http://earthquake.usgs.gov/eqcenter/recenteqsww/Quakes/pt08305012.php</qu151>
<qu152>  2.5|2008/10/30 23:23:27|  34.2650|-117.5545|   5.90|Southern California|http://earthquake.usgs.gov/eqcenter/recenteqsww/Quakes/ci10357133.php</qu152>
<qu153>  3.0|2008/10/30 22:52:47|  66.3228|-157.5950|  13.00|northern Alaska|http://earthquake.usgs.gov/eqcenter/recenteqsww/Quakes/ak00075206.php</qu153>
<qu154>  5.1|2008/10/30 22:38:12|   1.3917| 126.9930|  96.90|Molucca Sea|http://earthquake.usgs.gov/eqcenter/recenteqsww/Quakes/us2008yudu.php</qu154>
<qu155>  2.7|2008/10/30 20:34:16|  52.0941|-170.8779|  11.00|Fox Islands, Aleutian Islands, Alaska|http://earthquake.usgs.gov/eqcenter/recenteqsww/Quakes/ak00075578.php</qu155>
<qu156>  2.6|2008/10/30 19:21:00|  61.5080|-148.2068|  12.10|Southern Alaska|http://earthquake.usgs.gov/eqcenter/recenteqsww/Quakes/ak00075193.php</qu156>
<qu157>  3.6|2008/10/30 17:44:55|  66.4075|-157.5936|   8.30|northern Alaska|http://earthquake.usgs.gov/eqcenter/recenteqsww/Quakes/ak00075183.php</qu157>
<qu158>  3.1|2008/10/30 17:09:39|  33.5388|-116.5781|  13.00|Southern California|http://earthquake.usgs.gov/eqcenter/recenteqsww/Quakes/ci10357093.php</qu158>
<qu159>  3.1|2008/10/30 16:25:00|  35.4433| -97.1185|   5.00|Oklahoma|http://earthquake.usgs.gov/eqcenter/recenteqsww/Quakes/us2008yucs.php</qu159>
<qu160>  2.5|2008/10/30 16:14:29|  51.2865|-176.2375|  15.00|Andreanof Islands, Aleutian Islands, Alaska|http://earthquake.usgs.gov/eqcenter/recenteqsww/Quakes/ak00075182.php</qu160>
<qu161>  3.9|2008/10/30 16:06:42|  52.7002|-168.1985|  20.30|Fox Islands, Aleutian Islands, Alaska|http://earthquake.usgs.gov/eqcenter/recenteqsww/Quakes/ak00075178.php</qu161>
<qu162>  5.8|2008/10/30 15:15:41|  -9.0297|-108.2576|  10.00|central East Pacific Rise|http://earthquake.usgs.gov/eqcenter/recenteqsww/Quakes/us2008yucc.php</qu162>
<qu163>  3.0|2008/10/30 14:43:51|  32.7593|-117.3458|  11.30|Channel Islands region, California|http://earthquake.usgs.gov/eqcenter/recenteqsww/Quakes/ci10357065.php</qu163>
<qu164>  3.3|2008/10/30 14:12:14|  51.1447|-176.2247|  25.70|Andreanof Islands, Aleutian Islands, Alaska|http://earthquake.usgs.gov/eqcenter/recenteqsww/Quakes/ak00075167.php</qu164>
<qu165>  2.9|2008/10/30 11:55:30|  19.0528| -64.8463|  11.80|Virgin Islands region|http://earthquake.usgs.gov/eqcenter/recenteqsww/Quakes/prp0830402.php</qu165>
<qu166>  2.6|2008/10/30 11:34:59|  61.5177|-150.6346|  52.10|Southern Alaska|http://earthquake.usgs.gov/eqcenter/recenteqsww/Quakes/ak00075156.php</qu166>
<qu167>  2.5|2008/10/30 08:49:58|  66.4093|-157.8878|  12.50|northern Alaska|http://earthquake.usgs.gov/eqcenter/recenteqsww/Quakes/ak00075547.php</qu167>
<qu168>  3.1|2008/10/30 08:41:00|  66.3040|-157.7021|   7.50|northern Alaska|http://earthquake.usgs.gov/eqcenter/recenteqsww/Quakes/ak00075152.php</qu168>
<qu169>  2.5|2008/10/30 08:40:48|  62.1963|-145.6153|  18.60|Central Alaska|http://earthquake.usgs.gov/eqcenter/recenteqsww/Quakes/ak00075148.php</qu169>
<qu170>  2.8|2008/10/30 07:35:51|  54.1438|-163.1203|  14.70|Unimak Island region, Alaska|http://earthquake.usgs.gov/eqcenter/recenteqsww/Quakes/ak00075146.php</qu170>
<qu171>  4.8|2008/10/30 07:19:04| -16.4890|-173.5782|  96.00|Tonga|http://earthquake.usgs.gov/eqcenter/recenteqsww/Quakes/us2008yubi.php</qu171>
<qu172>  4.7|2008/10/30 07:16:20|  30.3833|  67.4554|  10.00|Pakistan|http://earthquake.usgs.gov/eqcenter/recenteqsww/Quakes/us2008yubu.php</qu172>
<qu173>  3.3|2008/10/30 06:49:38|  33.0641|-115.9100|   2.10|Southern California|http://earthquake.usgs.gov/eqcenter/recenteqsww/Quakes/ci10356925.php</qu173>
<qu174>  2.5|2008/10/30 06:39:53|  66.4229|-157.3545|   5.10|northern Alaska|http://earthquake.usgs.gov/eqcenter/recenteqsww/Quakes/ak00075139.php</qu174>
<qu175>  2.5|2008/10/30 05:57:08|  33.0631|-115.9075|   3.80|Southern California|http://earthquake.usgs.gov/eqcenter/recenteqsww/Quakes/ci10356901.php</qu175>
<qu176>  4.6|2008/10/30 05:47:33|   6.7372| 123.8019| 568.40|Moro Gulf, Mindanao, Philippines|http://earthquake.usgs.gov/eqcenter/recenteqsww/Quakes/us2008yua9.php</qu176>
<qu177>  2.5|2008/10/30 05:36:54|  54.5022|-161.4858|  14.20|Alaska Peninsula|http://earthquake.usgs.gov/eqcenter/recenteqsww/Quakes/ak00075534.php</qu177>
<qu178>  2.8|2008/10/30 05:21:56|  33.0541|-115.9020|   3.00|Southern California|http://earthquake.usgs.gov/eqcenter/recenteqsww/Quakes/ci10356893.php</qu178>
<qu179>  4.6|2008/10/30 05:14:48|  18.3758| 120.7623|  45.70|Luzon, Philippines|http://earthquake.usgs.gov/eqcenter/recenteqsww/Quakes/us2008yua3.php</qu179>
<qu180>  2.6|2008/10/30 05:09:01|  33.0485|-115.9018|   1.90|Southern California|http://earthquake.usgs.gov/eqcenter/recenteqsww/Quakes/ci10356881.php</qu180>
<qu181>  2.6|2008/10/30 04:43:58|  20.1061|-155.9627|  16.60|Hawaii region, Hawaii|http://earthquake.usgs.gov/eqcenter/recenteqsww/Quakes/hv00031298.php</qu181>
<qu182>  2.8|2008/10/30 04:17:48|  33.0531|-115.9025|   0.90|Southern California|http://earthquake.usgs.gov/eqcenter/recenteqsww/Quakes/ci10356817.php</qu182>
<qu183>  2.6|2008/10/30 04:17:07|  33.0535|-115.9063|   1.20|Southern California|http://earthquake.usgs.gov/eqcenter/recenteqsww/Quakes/ci10356813.php</qu183>
<qu184>  2.5|2008/10/30 04:16:30|  33.0710|-115.9153|   2.70|Southern California|http://earthquake.usgs.gov/eqcenter/recenteqsww/Quakes/ci10356809.php</qu184>
<qu185>  2.9|2008/10/30 04:14:51|  33.0545|-115.9003|   1.70|Southern California|http://earthquake.usgs.gov/eqcenter/recenteqsww/Quakes/ci10356805.php</qu185>
<qu186>  2.8|2008/10/30 04:09:20|  33.0683|-115.9096|   2.50|Southern California|http://earthquake.usgs.gov/eqcenter/recenteqsww/Quakes/ci10356797.php</qu186>
<qu187>  2.5|2008/10/30 04:04:17|  33.0608|-115.9190|   0.90|Southern California|http://earthquake.usgs.gov/eqcenter/recenteqsww/Quakes/ci10356785.php</qu187>
<qu188>  2.6|2008/10/30 04:02:58|  33.0646|-115.9073|   2.80|Southern California|http://earthquake.usgs.gov/eqcenter/recenteqsww/Quakes/ci10356781.php</qu188>
<qu189>  2.7|2008/10/30 04:01:46|  33.0706|-115.9168|   1.90|Southern California|http://earthquake.usgs.gov/eqcenter/recenteqsww/Quakes/ci10356773.php</qu189>
<qu190>  3.5|2008/10/30 03:52:43|  33.0533|-115.9031|   2.00|Southern California|http://earthquake.usgs.gov/eqcenter/recenteqsww/Quakes/ci10356753.php</qu190>
<qu191>  3.6|2008/10/30 03:49:45|  33.0570|-115.9046|   1.20|Southern California|http://earthquake.usgs.gov/eqcenter/recenteqsww/Quakes/ci10356741.php</qu191>
<qu192>  2.8|2008/10/30 03:49:21|  33.0653|-115.9130|   1.20|Southern California|http://earthquake.usgs.gov/eqcenter/recenteqsww/Quakes/ci10356737.php</qu192>
<qu193>  3.0|2008/10/30 03:48:12|  33.0628|-115.9093|   1.40|Southern California|http://earthquake.usgs.gov/eqcenter/recenteqsww/Quakes/ci10356729.php</qu193>
<qu194>  2.5|2008/10/30 03:44:53|  33.0608|-115.9050|   3.10|Southern California|http://earthquake.usgs.gov/eqcenter/recenteqsww/Quakes/ci10356725.php</qu194>
<qu195>  3.3|2008/10/30 03:27:37|  33.0690|-115.9066|   0.00|Southern California|http://earthquake.usgs.gov/eqcenter/recenteqsww/Quakes/ci10356685.php</qu195>
<qu196>  2.9|2008/10/30 03:26:35|  33.0648|-115.9130|   1.90|Southern California|http://earthquake.usgs.gov/eqcenter/recenteqsww/Quakes/ci10356681.php</qu196>
<qu197>  2.9|2008/10/30 03:01:11|  33.0654|-115.9086|   1.90|Southern California|http://earthquake.usgs.gov/eqcenter/recenteqsww/Quakes/ci10356669.php</qu197>
<qu198>  2.7|2008/10/30 02:54:47|  49.6129|-121.3724|  10.00|British Columbia, Canada|http://earthquake.usgs.gov/eqcenter/recenteqsww/Quakes/uw10300254.php</qu198>
<qu199>  3.0|2008/10/30 01:55:45|  59.9331|-153.2613| 124.40|Southern Alaska|http://earthquake.usgs.gov/eqcenter/recenteqsww/Quakes/ak00075040.php</qu199>
<qu200>  5.3|2008/10/30 01:55:15|  46.4987| 153.1376|  43.80|Kuril Islands|http://earthquake.usgs.gov/eqcenter/recenteqsww/Quakes/us2008yuai.php</qu200>
<qu201>  5.3|2008/10/30 01:32:41| -24.0545| -70.3159|  35.40|Antofagasta, Chile|http://earthquake.usgs.gov/eqcenter/recenteqsww/Quakes/us2008yuad.php</qu201>
<qu202>  2.5|2008/10/30 00:35:40|  66.5198|-158.0684|  12.50|northern Alaska|http://earthquake.usgs.gov/eqcenter/recenteqsww/Quakes/ak00075027.php</qu202>
<qu203>  2.6|2008/10/29 23:57:44|  33.8663|-117.8320|  12.00|Greater Los Angeles area, California|http://earthquake.usgs.gov/eqcenter/recenteqsww/Quakes/ci10356633.php</qu203>
<qu204>  2.5|2008/10/29 22:43:57|  18.9403| -64.9683|  24.20|Virgin Islands region|http://earthquake.usgs.gov/eqcenter/recenteqsww/Quakes/prp0830306.php</qu204>
<qu205>  5.2|2008/10/29 22:17:01|   4.2036| 126.6591|  62.80|Kepulauan Talaud, Indonesia|http://earthquake.usgs.gov/eqcenter/recenteqsww/Quakes/us2008ytdp.php</qu205>
<qu206>  5.0|2008/10/29 18:12:04|  14.6014| -93.2451|  57.40|offshore Chiapas, Mexico|http://earthquake.usgs.gov/eqcenter/recenteqsww/Quakes/us2008ytcr.php</qu206>
<qu207>  2.8|2008/10/29 16:39:24|  66.5148|-157.7310|  17.70|northern Alaska|http://earthquake.usgs.gov/eqcenter/recenteqsww/Quakes/ak00074941.php</qu207>
<qu208>  5.0|2008/10/29 15:48:40|  38.0996| 141.6175|  88.00|near the east coast of Honshu, Japan|http://earthquake.usgs.gov/eqcenter/recenteqsww/Quakes/us2008ytb8.php</qu208>
<qu209>  4.1|2008/10/29 15:32:45|  30.3765|  67.5707|  10.00|Pakistan|http://earthquake.usgs.gov/eqcenter/recenteqsww/Quakes/us2008ytb6.php</qu209>
<qu210>  3.3|2008/10/29 13:48:04|  19.0705| -64.7875|  69.60|Virgin Islands region|http://earthquake.usgs.gov/eqcenter/recenteqsww/Quakes/prp0830303.php</qu210>
<qu211>  2.8|2008/10/29 13:24:35|  34.4530|-119.6598|   4.70|Southern California|http://earthquake.usgs.gov/eqcenter/recenteqsww/Quakes/ci10356557.php</qu211>
<qu212>  3.0|2008/10/29 12:49:35|  18.2787| -64.1800|  27.70|Virgin Islands region|http://earthquake.usgs.gov/eqcenter/recenteqsww/Quakes/prp0830304.php</qu212>
<qu213>  2.8|2008/10/29 12:01:23|  66.4311|-157.7142|   5.10|northern Alaska|http://earthquake.usgs.gov/eqcenter/recenteqsww/Quakes/ak00074927.php</qu213>
<qu214>  6.4|2008/10/29 11:32:43|  30.5687|  67.4835|  14.00|Pakistan|http://earthquake.usgs.gov/eqcenter/recenteqsww/Quakes/us2008ytbk.php</qu214>
<qu215>  3.3|2008/10/29 11:13:47|  63.1007|-150.8989| 123.80|Central Alaska|http://earthquake.usgs.gov/eqcenter/recenteqsww/Quakes/ak00074912.php</qu215>
<qu216>  2.5|2008/10/29 10:40:42|  54.6469|-163.5522|   4.10|Unimak Island region, Alaska|http://earthquake.usgs.gov/eqcenter/recenteqsww/Quakes/ak00074909.php</qu216>
<qu217>  2.6|2008/10/29 09:35:02|  60.8050|-152.3182|  97.30|Southern Alaska|http://earthquake.usgs.gov/eqcenter/recenteqsww/Quakes/ak00074906.php</qu217>
<qu218>  3.4|2008/10/29 04:51:19|  51.8949|-173.3516|  25.90|Andreanof Islands, Aleutian Islands, Alaska|http://earthquake.usgs.gov/eqcenter/recenteqsww/Quakes/ak00074891.php</qu218>
<qu219>  3.7|2008/10/29 04:35:09|  18.1898| -68.5608| 141.90|Mona Passage, Dominican Republic|http://earthquake.usgs.gov/eqcenter/recenteqsww/Quakes/prp0830302.php</qu219>
<qu220>  4.0|2008/10/29 02:30:22|  51.5795|  16.0629|   5.00|Poland|http://earthquake.usgs.gov/eqcenter/recenteqsww/Quakes/us2008ytau.php</qu220>
<qu221>  2.6|2008/10/29 02:28:22|  33.0668|-115.9098|   1.50|Southern California|http://earthquake.usgs.gov/eqcenter/recenteqsww/Quakes/ci10356489.php</qu221>
<qu222>  2.7|2008/10/29 02:17:55|  33.0607|-115.9022|   2.70|Southern California|http://earthquake.usgs.gov/eqcenter/recenteqsww/Quakes/ci12346571.php</qu222>
<qu223>  2.5|2008/10/29 02:02:08|  18.0798| -65.0448|   8.20|Virgin Islands region|http://earthquake.usgs.gov/eqcenter/recenteqsww/Quakes/prp0830301.php</qu223>
<qu224>  4.3|2008/10/29 01:54:20|  30.6569|  67.4223|  10.00|Pakistan|http://earthquake.usgs.gov/eqcenter/recenteqsww/Quakes/us2008ytaq.php</qu224>
<qu225>  2.5|2008/10/29 01:49:32|  66.4458|-157.4327|   8.90|northern Alaska|http://earthquake.usgs.gov/eqcenter/recenteqsww/Quakes/ak00075220.php</qu225>
<qu226>  4.1|2008/10/29 01:42:36|  30.4013|  67.7740|  10.00|Pakistan|http://earthquake.usgs.gov/eqcenter/recenteqsww/Quakes/us2008ytan.php</qu226>
<qu227>  5.7|2008/10/29 01:35:58|  -8.9154|-108.4187|  10.00|central East Pacific Rise|http://earthquake.usgs.gov/eqcenter/recenteqsww/Quakes/us2008ytam.php</qu227>
<qu228>  4.1|2008/10/29 01:12:26|  30.6874|  67.7518|  10.00|Pakistan|http://earthquake.usgs.gov/eqcenter/recenteqsww/Quakes/us2008ytak.php</qu228>
<qu229>  2.8|2008/10/29 01:11:58|  37.5710|-118.8593|   6.80|Central California|http://earthquake.usgs.gov/eqcenter/recenteqsww/Quakes/nc51210279.php</qu229>
<qu230>  4.6|2008/10/29 00:31:57|  30.6234|  67.5129|  10.00|Pakistan|http://earthquake.usgs.gov/eqcenter/recenteqsww/Quakes/us2008ytaf.php</qu230>
<qu231>  4.0|2008/10/28 23:54:18|  31.0485|  67.7893|  10.00|Pakistan|http://earthquake.usgs.gov/eqcenter/recenteqsww/Quakes/us2008yscz.php</qu231>
<qu232>  4.8|2008/10/28 23:48:55|  19.4699| -78.7393|  10.00|Cuba region|http://earthquake.usgs.gov/eqcenter/recenteqsww/Quakes/us2008ytab.php</qu232>
<qu233>  2.6|2008/10/28 23:45:29|  33.9943|-119.2232|   0.20|Channel Islands region, California|http://earthquake.usgs.gov/eqcenter/recenteqsww/Quakes/ci10356441.php</qu233>
<qu234>  6.4|2008/10/28 23:09:58|  30.6530|  67.3228|  15.00|Pakistan|http://earthquake.usgs.gov/eqcenter/recenteqsww/Quakes/us2008yscs.php</qu234>
<qu235>  3.1|2008/10/28 22:47:36|  66.3194|-157.6649|  12.80|northern Alaska|http://earthquake.usgs.gov/eqcenter/recenteqsww/Quakes/ak00074814.php</qu235>
<qu236>  5.2|2008/10/28 22:33:09|  30.6122|  67.4355|  12.10|Pakistan|http://earthquake.usgs.gov/eqcenter/recenteqsww/Quakes/us2008yscp.php</qu236>
<qu237>  2.9|2008/10/28 21:45:56|  66.4931|-157.5440|  11.80|northern Alaska|http://earthquake.usgs.gov/eqcenter/recenteqsww/Quakes/ak00074807.php</qu237>
<qu238>  2.7|2008/10/28 21:45:06|  19.1908| -64.7423|  65.50|Virgin Islands region|http://earthquake.usgs.gov/eqcenter/recenteqsww/Quakes/prp0830208.php</qu238>
<qu239>  4.9|2008/10/28 20:42:43|  -8.9690|-108.2474|  10.00|central East Pacific Rise|http://earthquake.usgs.gov/eqcenter/recenteqsww/Quakes/us2008ysb5.php</qu239>
<qu240>  3.6|2008/10/28 20:12:19|  66.2731|-157.9470|   5.00|northern Alaska|http://earthquake.usgs.gov/eqcenter/recenteqsww/Quakes/ak00074801.php</qu240>
<qu241>  3.0|2008/10/28 17:13:08|  66.4432|-157.8376|   5.00|northern Alaska|http://earthquake.usgs.gov/eqcenter/recenteqsww/Quakes/ak00074788.php</qu241>
<qu242>  2.6|2008/10/28 17:09:05|  36.2255|-120.2588|   5.70|Central California|http://earthquake.usgs.gov/eqcenter/recenteqsww/Quakes/nc51210262.php</qu242>
<qu243>  2.8|2008/10/28 16:52:58|  38.5220|-118.8670|  14.30|Nevada|http://earthquake.usgs.gov/eqcenter/recenteqsww/Quakes/nn00263927.php</qu243>
<qu244>  3.0|2008/10/28 16:44:54|  61.4721|-146.7003|  18.30|Southern Alaska|http://earthquake.usgs.gov/eqcenter/recenteqsww/Quakes/ak00074770.php</qu244>
<qu245>  2.7|2008/10/28 16:41:23|  66.4108|-156.7917|  25.70|northern Alaska|http://earthquake.usgs.gov/eqcenter/recenteqsww/Quakes/ak00075100.php</qu245>
<qu246>  2.5|2008/10/28 16:04:41|  66.7015|-157.2769|  11.60|northern Alaska|http://earthquake.usgs.gov/eqcenter/recenteqsww/Quakes/ak00075096.php</qu246>
<qu247>  6.0|2008/10/28 16:00:02|  -3.5149| 145.8629|  15.70|near the north coast of New Guinea, Papua New Guinea|http://earthquake.usgs.gov/eqcenter/recenteqsww/Quakes/us2008ysbh.php</qu247>
<qu248>  4.9|2008/10/28 15:56:07| -23.8907|-179.9566| 521.60|south of the Fiji Islands|http://earthquake.usgs.gov/eqcenter/recenteqsww/Quakes/us2008ysbg.php</qu248>
<qu249>  2.7|2008/10/28 15:48:43|  66.5302|-157.9044|  10.20|northern Alaska|http://earthquake.usgs.gov/eqcenter/recenteqsww/Quakes/ak00074762.php</qu249>
<qu250>  3.3|2008/10/28 15:28:17|  66.4488|-157.7015|  14.40|northern Alaska|http://earthquake.usgs.gov/eqcenter/recenteqsww/Quakes/ak00074760.php</qu250>
<qu251>  4.7|2008/10/28 15:23:50| -32.4638| -71.8095|  28.20|offshore Valparaiso, Chile|http://earthquake.usgs.gov/eqcenter/recenteqsww/Quakes/us2008ysbc.php</qu251>
<qu252>  2.6|2008/10/28 15:20:56|  66.4066|-157.3791|  18.10|northern Alaska|http://earthquake.usgs.gov/eqcenter/recenteqsww/Quakes/ak00075093.php</qu252>
<qu253>  2.5|2008/10/28 15:16:50|  66.4223|-157.4347|  10.80|northern Alaska|http://earthquake.usgs.gov/eqcenter/recenteqsww/Quakes/ak00074759.php</qu253>
<qu254>  4.7|2008/10/28 15:15:21|  45.8029| 148.8658| 100.70|Kuril Islands|http://earthquake.usgs.gov/eqcenter/recenteqsww/Quakes/us2008ysbd.php</qu254>
<qu255>  2.5|2008/10/28 15:01:13|  66.4348|-157.1257|   7.30|northern Alaska|http://earthquake.usgs.gov/eqcenter/recenteqsww/Quakes/ak00075091.php</qu255>
<qu256>  3.3|2008/10/28 14:53:00|  66.4090|-157.5188|   9.60|northern Alaska|http://earthquake.usgs.gov/eqcenter/recenteqsww/Quakes/ak00074755.php</qu256>
<qu257>  2.9|2008/10/28 14:40:16|  66.4052|-157.1714|  12.90|northern Alaska|http://earthquake.usgs.gov/eqcenter/recenteqsww/Quakes/ak00075089.php</qu257>
<qu258>  4.1|2008/10/28 14:36:52|  66.3654|-157.3889|  10.20|northern Alaska|http://earthquake.usgs.gov/eqcenter/recenteqsww/Quakes/ak00074748.php</qu258>
<qu259>  4.7|2008/10/28 14:30:12|  66.3812|-157.7642|   3.00|northern Alaska|http://earthquake.usgs.gov/eqcenter/recenteqsww/Quakes/ak00074739.php</qu259>
<qu260>  3.5|2008/10/28 13:32:27|  54.6709|-160.7338|   2.90|Alaska Peninsula|http://earthquake.usgs.gov/eqcenter/recenteqsww/Quakes/ak00074735.php</qu260>
<qu261>  2.8|2008/10/28 09:06:51|  34.8862| -97.2455|   5.00|Oklahoma|http://earthquake.usgs.gov/eqcenter/recenteqsww/Quakes/us2008ysa6.php</qu261>
<qu262>  2.8|2008/10/28 08:55:09|  66.4383|-157.7371|  10.00|northern Alaska|http://earthquake.usgs.gov/eqcenter/recenteqsww/Quakes/ak00074724.php</qu262>
<qu263>  3.2|2008/10/28 07:55:12|  17.8395| -67.2998| 139.00|Puerto Rico region|http://earthquake.usgs.gov/eqcenter/recenteqsww/Quakes/prp0830206.php</qu263>
<qu264>  2.6|2008/10/28 07:47:34|  60.3719|-152.5132| 105.40|Southern Alaska|http://earthquake.usgs.gov/eqcenter/recenteqsww/Quakes/ak00074720.php</qu264>
<qu265>  3.3|2008/10/28 07:21:10|  19.1722| -64.8022|  42.60|Virgin Islands region|http://earthquake.usgs.gov/eqcenter/recenteqsww/Quakes/prp0830205.php</qu265>
<qu266>  3.1|2008/10/28 07:15:36|  59.0226|-152.9230|  60.90|Southern Alaska|http://earthquake.usgs.gov/eqcenter/recenteqsww/Quakes/ak00074716.php</qu266>
<qu267>  2.6|2008/10/28 06:58:30|  36.2240|-114.5540|   5.90|Nevada|http://earthquake.usgs.gov/eqcenter/recenteqsww/Quakes/nn00263903.php</qu267>
<qu268>  4.2|2008/10/28 05:17:48|  44.4898| 146.5669| 135.80|Kuril Islands|http://earthquake.usgs.gov/eqcenter/recenteqsww/Quakes/us2008ysar.php</qu268>
<qu269>  3.1|2008/10/28 05:11:20|  19.1958| -64.8423|  43.60|Virgin Islands region|http://earthquake.usgs.gov/eqcenter/recenteqsww/Quakes/prp0830204.php</qu269>
<qu270>  2.6|2008/10/28 04:53:16|  18.9255| -65.2707|  45.90|Puerto Rico region|http://earthquake.usgs.gov/eqcenter/recenteqsww/Quakes/prp0830203.php</qu270>
<qu271>  2.9|2008/10/28 04:40:48|  18.5940| -66.9742|  84.30|Puerto Rico region|http://earthquake.usgs.gov/eqcenter/recenteqsww/Quakes/prp0830202.php</qu271>
<qu272>  5.0|2008/10/28 04:16:04|  12.6636| 120.1368|  40.00|Mindoro, Philippines|http://earthquake.usgs.gov/eqcenter/recenteqsww/Quakes/us2008ysaf.php</qu272>
<qu273>  2.9|2008/10/28 04:12:55|  52.3620|-179.9591|  15.50|Andreanof Islands, Aleutian Islands, Alaska|http://earthquake.usgs.gov/eqcenter/recenteqsww/Quakes/ak00075057.php</qu273>
<qu274>  2.6|2008/10/28 02:41:03|  66.4746|-157.3972|   9.90|northern Alaska|http://earthquake.usgs.gov/eqcenter/recenteqsww/Quakes/ak00074707.php</qu274>
<qu275>  3.2|2008/10/28 01:33:05|  19.0637| -64.7723|  77.20|Virgin Islands region|http://earthquake.usgs.gov/eqcenter/recenteqsww/Quakes/prp0830201.php</qu275>
<qu276>  2.5|2008/10/27 23:43:55|  52.7874|-168.1488|  18.50|Fox Islands, Aleutian Islands, Alaska|http://earthquake.usgs.gov/eqcenter/recenteqsww/Quakes/ak00074586.php</qu276>
<qu277>  2.5|2008/10/27 23:29:24|  66.3594|-157.7795|  17.90|northern Alaska|http://earthquake.usgs.gov/eqcenter/recenteqsww/Quakes/ak00074584.php</qu277>
<qu278>  5.0|2008/10/27 23:23:38| -16.5719| 176.7300|  22.00|Fiji region|http://earthquake.usgs.gov/eqcenter/recenteqsww/Quakes/us2008yrcm.php</qu278>
<qu279>  3.1|2008/10/27 22:04:23|  19.1153| -64.6877|  77.80|Virgin Islands region|http://earthquake.usgs.gov/eqcenter/recenteqsww/Quakes/prp0830109.php</qu279>
<qu280>  5.4|2008/10/27 21:26:07|  54.3419| 169.1175|  12.30|Komandorskiye Ostrova, Russia region|http://earthquake.usgs.gov/eqcenter/recenteqsww/Quakes/us2008yrb8.php</qu280>
<qu281>  2.5|2008/10/27 20:59:21|  51.1993|-177.9136|  15.90|Andreanof Islands, Aleutian Islands, Alaska|http://earthquake.usgs.gov/eqcenter/recenteqsww/Quakes/ak00074996.php</qu281>
<qu282>  2.9|2008/10/27 20:28:20|  18.9553| -65.2217|   7.50|Puerto Rico region|http://earthquake.usgs.gov/eqcenter/recenteqsww/Quakes/prp0830108.php</qu282>
<qu283>  5.0|2008/10/27 20:25:27|  19.0923| 121.2384|  20.30|Babuyan Islands region, Philippines|http://earthquake.usgs.gov/eqcenter/recenteqsww/Quakes/us2008yrbw.php</qu283>
<qu284>  4.9|2008/10/27 19:08:17| -27.2390| -69.3183| 113.10|Atacama, Chile|http://earthquake.usgs.gov/eqcenter/recenteqsww/Quakes/us2008yrbr.php</qu284>
<qu285>  2.8|2008/10/27 16:03:29|  66.1647|-157.8974|   3.90|northern Alaska|http://earthquake.usgs.gov/eqcenter/recenteqsww/Quakes/ak00074550.php</qu285>
<qu286>  4.8|2008/10/27 15:37:45|  13.5227| 120.6612|  30.60|Mindoro, Philippines|http://earthquake.usgs.gov/eqcenter/recenteqsww/Quakes/us2008yra5.php</qu286>
<qu287>  2.7|2008/10/27 15:12:19|  17.7118| -65.2533|  13.50|Puerto Rico region|http://earthquake.usgs.gov/eqcenter/recenteqsww/Quakes/prp0830107.php</qu287>
<qu288>  2.6|2008/10/27 15:04:05|  39.7027|  73.5857|  35.00|Kyrgyzstan|http://earthquake.usgs.gov/eqcenter/recenteqsww/Quakes/us2008yra3.php</qu288>
<qu289>  2.5|2008/10/27 14:17:48|  57.1499|-150.2268|  47.00|Gulf of Alaska|http://earthquake.usgs.gov/eqcenter/recenteqsww/Quakes/ak00074544.php</qu289>
<qu290>  2.9|2008/10/27 13:44:59|  18.8382| -65.1135|  43.80|Virgin Islands region|http://earthquake.usgs.gov/eqcenter/recenteqsww/Quakes/prp0830106.php</qu290>
<qu291>  3.4|2008/10/27 13:29:24|  66.3934|-157.8235|  17.80|northern Alaska|http://earthquake.usgs.gov/eqcenter/recenteqsww/Quakes/ak00074537.php</qu291>
<qu292>  3.4|2008/10/27 13:24:08|  66.3650|-157.7417|  17.90|northern Alaska|http://earthquake.usgs.gov/eqcenter/recenteqsww/Quakes/ak00074538.php</qu292>
<qu293>  3.4|2008/10/27 13:21:34|  66.3120|-156.9133|   2.80|northern Alaska|http://earthquake.usgs.gov/eqcenter/recenteqsww/Quakes/ak00074534.php</qu293>
<qu294>  4.3|2008/10/27 08:54:09| -20.9744| -70.3571|  35.40|offshore Tarapaca, Chile|http://earthquake.usgs.gov/eqcenter/recenteqsww/Quakes/us2008yrat.php</qu294>
<qu295>  3.3|2008/10/27 08:01:01|  19.2108| -65.1812|   9.60|Puerto Rico region|http://earthquake.usgs.gov/eqcenter/recenteqsww/Quakes/prp0830104.php</qu295>
<qu296>  3.1|2008/10/27 06:57:55|  54.6473|-163.5673|   5.20|Unimak Island region, Alaska|http://earthquake.usgs.gov/eqcenter/recenteqsww/Quakes/ak00074519.php</qu296>
<qu297>  2.6|2008/10/27 06:11:34|  62.3324|-147.4431|  11.50|Central Alaska|http://earthquake.usgs.gov/eqcenter/recenteqsww/Quakes/ak00074511.php</qu297>
<qu298>  3.2|2008/10/27 06:03:40|  54.6610|-163.5843|   6.70|Unimak Island region, Alaska|http://earthquake.usgs.gov/eqcenter/recenteqsww/Quakes/ak00074506.php</qu298>
<qu299>  5.6|2008/10/27 05:43:50| -14.6457| 167.2231| 127.00|Vanuatu|http://earthquake.usgs.gov/eqcenter/recenteqsww/Quakes/us2008yral.php</qu299>
<qu300>  3.5|2008/10/27 05:41:46|  39.4530|-119.4150|   8.60|Nevada|http://earthquake.usgs.gov/eqcenter/recenteqsww/Quakes/nn00263795.php</qu300>
</quakes>
<quakes>
<wequ001>  9.5|1960/05/22 19:11:14|  -38.24|-73.05|   0.0|Chile, #1|http://earthquake.usgs.gov/regional/world/events/1960_05_22.php</wequ001>
<wequ002>  9.2|1964/03/28 03:36:14|  61.02|-147.65|   0.0|Prince William Sound, Alaska, #2|http://earthquake.usgs.gov/regional/states/events/1964_03_28.php</wequ002>
<wequ003>  9.1|2004/12/26 00:58:53|  3.30|95.78|   0.0|West Coast, Northern Sumatra, #3|http://earthquake.usgs.gov/eqcenter/eqinthenews/2004/usslav/</wequ003>
<wequ004>  9.0|1952/11/04 16:58:26|  52.76|160.06|   0.0|Kamchatka, #4|http://earthquake.usgs.gov/regional/world/events/1952_11_04.php</wequ004>
<wequ005>  8.8|1906/01/31 15:35:00|  1.0|-81.5|   0.0|Off the Coast of Ecuador, #5|http://earthquake.usgs.gov/regional/world/events/1906_01_31.php</wequ005>
<wequ006>  8.7|1965/02/04 05:01:00|  51.21|178.50|   0.0|Rat Islands, Alaska, #6|http://earthquake.usgs.gov/regional/states/events/1965_02_04.php</wequ006>
<wequ007>  8.7|1755/11/01 10:16:00|  36.0|-11.0|   0.0|near Lisbon, Portugal|http://earthquake.usgs.gov/regional/world/events/1755_11_01.php</wequ007>
<wequ008>  8.6|2005/03/28 16:09:36|  2.08|97.01|   0.0|Northern Sumatra, Indonesia, #7|http://earthquake.usgs.gov/eqcenter/eqinthenews/2005/usweax/</wequ008>
<wequ009>  8.6|1950/08/15 14:09:00|  28.5|96.5|   0.0|Assam, Tibet, #8|http://earthquake.usgs.gov/regional/world/events/1950_08_15.php</wequ009>
<wequ010>  8.6|1957/03/09 14:22:31|  51.56|-175.39|   0.0|Andreanof Islands, Alaska, #9|http://earthquake.usgs.gov/regional/states/events/1957_03_09.php</wequ010>
<wequ011>  8.6|1938/02/01 19:04:00|  -5.05|131.62|   0.0|Banda Sea, Indonesia, #10|http://earthquake.usgs.gov/regional/world/events/1938_02_01.php</wequ011>
<wequ012>  8.5|1923/02/03 00:00:00|  54.0|161.0|   0.0|Kamchatka, #11|http://earthquake.usgs.gov/regional/world/10_largest_world.php</wequ012>
<wequ013>  8.5|1922/11/11 04:32:00|  -28.55|-70.5|   0.0|Chile-Argentina Border, #12|http://earthquake.usgs.gov/regional/world/events/1922_11_11.php</wequ013>
<wequ014>  8.5|1963/10/13 00:00:00|  44.9|149.6|   0.0|Kuril Islands, #13|http://earthquake.usgs.gov/regional/world/10_largest_world.php</wequ014>
<wequ015>  7.9|2008/05/12 06:28:01|  30.986|103.364|   19.0|Eastern Sichuan, China|http://earthquake.usgs.gov/eqcenter/eqinthenews/2008/us2008ryan</wequ015>
</quakes>
</project_preferences>
<host_info>
    <timezone>-18000</timezone>
    <domain_name>demo</domain_name>
    <ip_addr>192.168.2.2</ip_addr>
    <host_cpid>j282ajebw66995eaa6902ccc1c5352ea</host_cpid>
    <p_ncpus>2</p_ncpus>
    <p_vendor>GenuineIntel</p_vendor>
    <p_model>Intel(R) Core(TM)2 CPU T7600 @ 2.33GHz [x86 Family 6 Model 15 Stepping 6]</p_model>
    <p_features>FPU VME DE PSE TSC MSR PAE MCE CX8 APIC SEP MTRR PGE MCA CMOV PAT PSE36 CLFSH DS ACPI MMX FXSR SSE SSE2 SS HTT TM SSE3 MON DSCPL VMX EST TM2 MNI CX16 TPR</p_features>
    <p_fpops>1812690421.601241</p_fpops>
    <p_iops>5092600159.804576</p_iops>
    <p_membw>1000000000.000000</p_membw>
    <p_calculated>1194915400.272960</p_calculated>
    <m_nbytes>2147483648.000000</m_nbytes>
    <m_cache>1000000.000000</m_cache>
    <m_swap>23008247808.000000</m_swap>
    <d_total>159697911808.000000</d_total>
    <d_free>22746103808.000000</d_free>
    <os_name>Darwin</os_name>
    <os_version>8.10.1</os_version>
    <accelerators></accelerators>
</host_info>
<proxy_info>
    <socks_version>5</socks_version>
    <socks_server_name></socks_server_name>
    <socks_server_port>80</socks_server_port>
    <http_server_name></http_server_name>
    <http_server_port>80</http_server_port>
    <socks5_user_name></socks5_user_name>
    <socks5_user_passwd></socks5_user_passwd>
    <http_user_name></http_user_name>
    <http_user_passwd></http_user_passwd>
</proxy_info>
<global_preferences>
   <mod_time>0</mod_time>
   <run_on_batteries/>
   <run_if_user_active/>
   <suspend_if_no_recent_input>0.000000</suspend_if_no_recent_input>
   <start_hour>0.000000</start_hour>
   <end_hour>0.000000</end_hour>
   <net_start_hour>0.000000</net_start_hour>
   <net_end_hour>0.000000</net_end_hour>
   <confirm_before_connecting/>
   <work_buf_min_days>0.100000</work_buf_min_days>
   <work_buf_additional_days>0.250000</work_buf_additional_days>
   <max_cpus>1</max_cpus>
   <cpu_scheduling_period_minutes>60.000000</cpu_scheduling_period_minutes>
   <disk_interval>60.000000</disk_interval>
   <disk_max_used_gb>10.000000</disk_max_used_gb>
   <disk_max_used_pct>50.000000</disk_max_used_pct>
   <disk_min_free_gb>0.100000</disk_min_free_gb>
   <vm_max_used_pct>75.000000</vm_max_used_pct>
   <ram_max_used_busy_pct>50.000000</ram_max_used_busy_pct>
   <ram_max_used_idle_pct>90.000000</ram_max_used_idle_pct>
   <idle_time_to_run>3.000000</idle_time_to_run>
   <max_bytes_sec_up>0.000000</max_bytes_sec_up>
   <max_bytes_sec_down>0.000000</max_bytes_sec_down>
   <cpu_usage_limit>100.000000</cpu_usage_limit>
</global_preferences>
</app_init_data>

