<quakes>
<qu001>  2.7|2009/05/21 19:22:07|  61.3517|-146.8336|  12.00|Southern Alaska|http://earthquake.usgs.gov/eqcenter/recenteqsww/Quakes/ak00105813.php</qu001>
<qu002>  2.6|2009/05/21 18:30:01|  60.2263|-140.5632|   0.10|Southern Yukon Territory, Canada|http://earthquake.usgs.gov/eqcenter/recenteqsww/Quakes/ak00105810.php</qu002>
<qu003>  4.7|2009/05/21 17:17:48|  11.2720| -86.7458|  61.20|near the coast of Nicaragua|http://earthquake.usgs.gov/eqcenter/recenteqsww/Quakes/us2009gxbl.php</qu003>
<qu004>  2.8|2009/05/21 17:02:24|  40.3428|-124.6267|  25.00|offshore Northern California|http://earthquake.usgs.gov/eqcenter/recenteqsww/Quakes/nc51221949.php</qu004>
<qu005>  4.4|2009/05/21 15:28:30|  38.7288|  20.4668|  52.00|Greece|http://earthquake.usgs.gov/eqcenter/recenteqsww/Quakes/us2009gxbg.php</qu005>
<qu006>  4.8|2009/05/21 14:49:30|   7.8450| 127.0276|  52.60|Philippine Islands region|http://earthquake.usgs.gov/eqcenter/recenteqsww/Quakes/us2009gxbe.php</qu006>
<qu007>  4.7|2009/05/21 14:30:32| -22.1901|-179.2029| 465.00|south of the Fiji Islands|http://earthquake.usgs.gov/eqcenter/recenteqsww/Quakes/us2009gxbc.php</qu007>
<qu008>  4.5|2009/05/21 13:52:44|  52.5424| 153.0622| 457.60|northwest of the Kuril Islands|http://earthquake.usgs.gov/eqcenter/recenteqsww/Quakes/us2009gxa8.php</qu008>
<qu009>  3.4|2009/05/21 13:18:59|  19.5108| -66.3813|  38.00|Puerto Rico region|http://earthquake.usgs.gov/eqcenter/recenteqsww/Quakes/prp0914106.php</qu009>
<qu010>  5.4|2009/05/21 12:33:54|  36.2124|  77.4903|  84.20|southern Xinjiang, China|http://earthquake.usgs.gov/eqcenter/recenteqsww/Quakes/us2009gxa3.php</qu010>
<qu011>  2.7|2009/05/21 11:45:18|  19.3717| -68.4615|  94.30|Dominican Republic region|http://earthquake.usgs.gov/eqcenter/recenteqsww/Quakes/prp0914107.php</qu011>
<qu012>  3.1|2009/05/21 11:44:52|  58.4340|-154.9851| 100.00|Alaska Peninsula|http://earthquake.usgs.gov/eqcenter/recenteqsww/Quakes/ak00105768.php</qu012>
<qu013>  3.0|2009/05/21 08:27:12|  37.7370|-115.1530|   0.00|Nevada|http://earthquake.usgs.gov/eqcenter/recenteqsww/Quakes/nn00283897.php</qu013>
<qu014>  3.4|2009/05/21 08:00:20|  19.8138| -66.3948|  35.50|Puerto Rico region|http://earthquake.usgs.gov/eqcenter/recenteqsww/Quakes/prp0914105.php</qu014>
<qu015>  4.9|2009/05/21 07:35:28|   7.8281| 127.0646|  35.00|Philippine Islands region|http://earthquake.usgs.gov/eqcenter/recenteqsww/Quakes/us2009gxav.php</qu015>
<qu016>  2.9|2009/05/21 07:24:25|  40.3168|-124.5853|  20.10|offshore Northern California|http://earthquake.usgs.gov/eqcenter/recenteqsww/Quakes/nc51221930.php</qu016>
<qu017>  2.5|2009/05/21 06:52:57|  19.3377|-155.2185|   4.50|Island of Hawaii, Hawaii|http://earthquake.usgs.gov/eqcenter/recenteqsww/Quakes/hv00034073.php</qu017>
<qu018>  3.0|2009/05/21 06:38:16|  19.3550| -64.7692|  20.00|Virgin Islands region|http://earthquake.usgs.gov/eqcenter/recenteqsww/Quakes/prp0914104.php</qu018>
<qu019>  4.5|2009/05/21 06:14:08|   1.5542|  97.0965|  35.00|Nias region, Indonesia|http://earthquake.usgs.gov/eqcenter/recenteqsww/Quakes/us2009gxaz.php</qu019>
<qu020>  5.7|2009/05/21 05:53:59|   7.8686| 126.8434|  55.00|Mindanao, Philippines|http://earthquake.usgs.gov/eqcenter/recenteqsww/Quakes/us2009gxar.php</qu020>
<qu021>  2.8|2009/05/21 03:52:39|  39.2157|-124.3033|  14.60|offshore Northern California|http://earthquake.usgs.gov/eqcenter/recenteqsww/Quakes/nc51221922.php</qu021>
<qu022>  2.5|2009/05/21 03:34:10|  38.5150|-118.1660|   5.20|Nevada|http://earthquake.usgs.gov/eqcenter/recenteqsww/Quakes/nn00283886.php</qu022>
<qu023>  4.8|2009/05/21 03:32:47|  51.5660|-171.7502|  44.80|Fox Islands, Aleutian Islands, Alaska|http://earthquake.usgs.gov/eqcenter/recenteqsww/Quakes/ak00105748.php</qu023>
<qu024>  2.7|2009/05/21 02:43:58|  33.9360|-118.3446|  11.90|Greater Los Angeles area, California|http://earthquake.usgs.gov/eqcenter/recenteqsww/Quakes/ci10412337.php</qu024>
<qu025>  3.2|2009/05/21 02:41:56|  32.0933|-115.7151|   6.00|Baja California, Mexico|http://earthquake.usgs.gov/eqcenter/recenteqsww/Quakes/ci10412329.php</qu025>
<qu026>  3.1|2009/05/21 02:23:34|  18.9097| -65.3363|  82.20|Puerto Rico region|http://earthquake.usgs.gov/eqcenter/recenteqsww/Quakes/prp0914101.php</qu026>
<qu027>  2.8|2009/05/21 02:01:28|  38.5190|-118.1590|   6.00|Nevada|http://earthquake.usgs.gov/eqcenter/recenteqsww/Quakes/nn00283883.php</qu027>
<qu028>  4.6|2009/05/21 01:51:18|  -5.4424| 128.2052| 360.70|Banda Sea|http://earthquake.usgs.gov/eqcenter/recenteqsww/Quakes/us2009gxai.php</qu028>
<qu029>  4.6|2009/05/21 01:42:54| -20.6415|-179.2747| 630.60|Fiji region|http://earthquake.usgs.gov/eqcenter/recenteqsww/Quakes/us2009gxaf.php</qu029>
<qu030>  5.1|2009/05/21 00:29:44| -15.1828|-173.3752|  35.00|Tonga|http://earthquake.usgs.gov/eqcenter/recenteqsww/Quakes/us2009gxab.php</qu030>
<qu031>  2.8|2009/05/21 00:14:27|  35.1400|-118.7168|   1.10|Central California|http://earthquake.usgs.gov/eqcenter/recenteqsww/Quakes/ci10412281.php</qu031>
<qu032>  2.5|2009/05/21 00:01:28|  54.2377|-163.3721|  32.30|Unimak Island region, Alaska|http://earthquake.usgs.gov/eqcenter/recenteqsww/Quakes/ak00105735.php</qu032>
<qu033>  3.1|2009/05/20 22:33:28|  31.8978|-116.2565|   6.00|Baja California, Mexico|http://earthquake.usgs.gov/eqcenter/recenteqsww/Quakes/ci10412193.php</qu033>
<qu034>  3.3|2009/05/20 21:49:11|  18.8655| -64.6992|  46.60|Virgin Islands region|http://earthquake.usgs.gov/eqcenter/recenteqsww/Quakes/prp0914006.php</qu034>
<qu035>  3.0|2009/05/20 21:22:17|  38.5190|-118.1690|   6.30|Nevada|http://earthquake.usgs.gov/eqcenter/recenteqsww/Quakes/nn00283867.php</qu035>
<qu036>  3.6|2009/05/20 19:55:26|  18.7345| -64.0573| 159.60|Virgin Islands region|http://earthquake.usgs.gov/eqcenter/recenteqsww/Quakes/prp0914005.php</qu036>
<qu037>  2.5|2009/05/20 19:06:38|  47.6036|-121.8648|  21.00|Puget Sound region, Washington|http://earthquake.usgs.gov/eqcenter/recenteqsww/Quakes/uw05201906.php</qu037>
<qu038>  3.3|2009/05/20 17:58:40|  19.0778| -64.4593|  12.50|Virgin Islands region|http://earthquake.usgs.gov/eqcenter/recenteqsww/Quakes/prp0914004.php</qu038>
<qu039>  3.5|2009/05/20 16:27:32|  18.7595| -67.9812| 119.80|Dominican Republic region|http://earthquake.usgs.gov/eqcenter/recenteqsww/Quakes/prp0914003.php</qu039>
<qu040>  4.8|2009/05/20 15:18:36|  -7.1596|  68.0803|  10.00|Chagos Archipelago region|http://earthquake.usgs.gov/eqcenter/recenteqsww/Quakes/us2009gwbg.php</qu040>
<qu041>  4.5|2009/05/20 14:04:07| -18.4582| -68.9001| 129.20|Oruro, Bolivia|http://earthquake.usgs.gov/eqcenter/recenteqsww/Quakes/us2009gwbb.php</qu041>
<qu042>  2.6|2009/05/20 12:49:25|  36.4082|-120.3118|  61.80|Central California|http://earthquake.usgs.gov/eqcenter/recenteqsww/Quakes/nc71222821.php</qu042>
<qu043>  5.2|2009/05/20 12:43:52| -31.2505|-177.7235|  35.00|Kermadec Islands region|http://earthquake.usgs.gov/eqcenter/recenteqsww/Quakes/us2009gwa6.php</qu043>
<qu044>  4.8|2009/05/20 11:59:20|  -8.8520| 124.2215| 106.30|Kepulauan Alor, Indonesia|http://earthquake.usgs.gov/eqcenter/recenteqsww/Quakes/us2009gwa3.php</qu044>
<qu045>  3.2|2009/05/20 11:52:17|  59.1127|-136.7521|  24.30|Southeastern Alaska|http://earthquake.usgs.gov/eqcenter/recenteqsww/Quakes/ak00105649.php</qu045>
<qu046>  5.1|2009/05/20 09:57:42|  -7.1561|  67.9880|  10.00|Mid-Indian Ridge|http://earthquake.usgs.gov/eqcenter/recenteqsww/Quakes/us2009gway.php</qu046>
<qu047>  5.2|2009/05/20 09:40:23| -23.1701|-174.7401|  60.40|Tonga region|http://earthquake.usgs.gov/eqcenter/recenteqsww/Quakes/us2009gwav.php</qu047>
<qu048>  4.9|2009/05/20 08:41:26|   1.8343| 124.0685| 311.90|Minahasa, Sulawesi, Indonesia|http://earthquake.usgs.gov/eqcenter/recenteqsww/Quakes/us2009gwas.php</qu048>
<qu049>  2.8|2009/05/20 07:14:54|  63.1949|-150.4555| 100.00|Central Alaska|http://earthquake.usgs.gov/eqcenter/recenteqsww/Quakes/ak00105639.php</qu049>
<qu050>  2.5|2009/05/20 06:34:13|  52.7222|-168.4123|  36.30|Fox Islands, Aleutian Islands, Alaska|http://earthquake.usgs.gov/eqcenter/recenteqsww/Quakes/ak00105636.php</qu050>
<qu051>  2.7|2009/05/20 04:56:23|  51.3747| 179.0575|   1.80|Rat Islands, Aleutian Islands, Alaska|http://earthquake.usgs.gov/eqcenter/recenteqsww/Quakes/ak00105635.php</qu051>
<qu052>  2.5|2009/05/20 03:58:47|  37.4028|-118.7502|  12.20|Central California|http://earthquake.usgs.gov/eqcenter/recenteqsww/Quakes/nc51221881.php</qu052>
<qu053>  4.3|2009/05/20 03:36:09|  19.0020| -65.4968|  18.60|Puerto Rico region|http://earthquake.usgs.gov/eqcenter/recenteqsww/Quakes/prp0914002.php</qu053>
<qu054>  3.0|2009/05/20 02:41:30|  38.8790|-118.3460|   8.30|Nevada|http://earthquake.usgs.gov/eqcenter/recenteqsww/Quakes/nn00283781.php</qu054>
<qu055>  3.3|2009/05/20 02:22:44|  18.8167| -65.8085| 104.60|Puerto Rico region|http://earthquake.usgs.gov/eqcenter/recenteqsww/Quakes/prp0914001.php</qu055>
<qu056>  2.7|2009/05/20 00:41:17|  32.0876|-115.7575|   6.00|Baja California, Mexico|http://earthquake.usgs.gov/eqcenter/recenteqsww/Quakes/ci10411625.php</qu056>
<qu057>  2.5|2009/05/19 22:51:09|  33.9223|-118.3680|  16.30|Greater Los Angeles area, California|http://earthquake.usgs.gov/eqcenter/recenteqsww/Quakes/ci10411553.php</qu057>
<qu058>  4.0|2009/05/19 22:49:11|  33.9295|-118.3398|  15.30|Greater Los Angeles area, California|http://earthquake.usgs.gov/eqcenter/recenteqsww/Quakes/ci10411545.php</qu058>
<qu059>  4.6|2009/05/19 22:02:21|  -0.3268| 132.5773|  40.00|near the north coast of Papua, Indonesia|http://earthquake.usgs.gov/eqcenter/recenteqsww/Quakes/us2009gvb6.php</qu059>
<qu060>  3.1|2009/05/19 21:09:05|  56.9640|-155.6636|  41.80|Alaska Peninsula|http://earthquake.usgs.gov/eqcenter/recenteqsww/Quakes/ak00105469.php</qu060>
<qu061>  4.6|2009/05/19 20:35:39|  25.1588|  37.7385|  10.00|western Saudi Arabia|http://earthquake.usgs.gov/eqcenter/recenteqsww/Quakes/us2009gvbs.php</qu061>
<qu062>  4.5|2009/05/19 20:30:34| -20.2652|-178.9279| 635.30|Fiji region|http://earthquake.usgs.gov/eqcenter/recenteqsww/Quakes/us2009gvbu.php</qu062>
<qu063>  4.6|2009/05/19 19:57:18|  25.2637|  37.7385|  10.00|western Saudi Arabia|http://earthquake.usgs.gov/eqcenter/recenteqsww/Quakes/us2009gvbq.php</qu063>
<qu064>  4.9|2009/05/19 19:29:49|  33.2018|  75.7934|  25.90|eastern Kashmir|http://earthquake.usgs.gov/eqcenter/recenteqsww/Quakes/us2009gvbj.php</qu064>
<qu065>  5.7|2009/05/19 17:35:00|  25.3557|  37.7648|   1.40|western Saudi Arabia|http://earthquake.usgs.gov/eqcenter/recenteqsww/Quakes/us2009gvba.php</qu065>
<qu066>  4.9|2009/05/19 16:54:31|  25.3106|  37.6763|  10.00|western Saudi Arabia|http://earthquake.usgs.gov/eqcenter/recenteqsww/Quakes/us2009gva7.php</qu066>
<qu067>  3.7|2009/05/19 16:44:13|  62.3159|-150.9234|  73.00|Central Alaska|http://earthquake.usgs.gov/eqcenter/recenteqsww/Quakes/ak00105348.php</qu067>
<qu068>  4.6|2009/05/19 15:34:06|  -2.1974|  99.5020|  35.00|Kepulauan Mentawai region, Indonesia|http://earthquake.usgs.gov/eqcenter/recenteqsww/Quakes/us2009gva1.php</qu068>
<qu069>  3.2|2009/05/19 14:32:01|  19.3720| -66.3650|  50.80|Puerto Rico region|http://earthquake.usgs.gov/eqcenter/recenteqsww/Quakes/prp0913903.php</qu069>
<qu070>  4.8|2009/05/19 12:32:03|  -0.6930| 133.6727|  35.00|near the north coast of Papua, Indonesia|http://earthquake.usgs.gov/eqcenter/recenteqsww/Quakes/us2009gvau.php</qu070>
<qu071>  3.0|2009/05/19 11:52:30|  63.3262|-147.1930|   6.80|Central Alaska|http://earthquake.usgs.gov/eqcenter/recenteqsww/Quakes/ak00105334.php</qu071>
<qu072>  3.1|2009/05/19 11:19:19|  54.4995|-161.5396|  17.20|Alaska Peninsula|http://earthquake.usgs.gov/eqcenter/recenteqsww/Quakes/ak00105332.php</qu072>
<qu073>  3.4|2009/05/19 09:06:50|  62.9113|-149.7531|  78.30|Central Alaska|http://earthquake.usgs.gov/eqcenter/recenteqsww/Quakes/ak00105318.php</qu073>
<qu074>  5.1|2009/05/19 07:04:16|  -7.0268|  67.8211|  10.00|Mid-Indian Ridge|http://earthquake.usgs.gov/eqcenter/recenteqsww/Quakes/us2009gvai.php</qu074>
<qu075>  4.9|2009/05/19 06:38:33|  25.1053|  37.7878|  10.00|western Saudi Arabia|http://earthquake.usgs.gov/eqcenter/recenteqsww/Quakes/us2009gvaj.php</qu075>
<qu076>  3.7|2009/05/19 05:41:19|  60.8133|-151.6489|  72.10|Kenai Peninsula, Alaska|http://earthquake.usgs.gov/eqcenter/recenteqsww/Quakes/ak00105308.php</qu076>
<qu077>  2.8|2009/05/19 04:06:43|  51.1663| 179.9620|   4.70|Rat Islands, Aleutian Islands, Alaska|http://earthquake.usgs.gov/eqcenter/recenteqsww/Quakes/ak00105302.php</qu077>
<qu078>  2.8|2009/05/19 04:03:50|  18.8258| -66.1190|  30.80|Puerto Rico region|http://earthquake.usgs.gov/eqcenter/recenteqsww/Quakes/prp0913901.php</qu078>
<qu079>  5.0|2009/05/19 03:26:23| -47.3060| -13.3232|  10.00|southern Mid-Atlantic Ridge|http://earthquake.usgs.gov/eqcenter/recenteqsww/Quakes/us2009gvae.php</qu079>
<qu080>  2.6|2009/05/19 02:39:24|  50.9063|-179.1887|  22.10|Andreanof Islands, Aleutian Islands, Alaska|http://earthquake.usgs.gov/eqcenter/recenteqsww/Quakes/ak00105827.php</qu080>
<qu081>  2.6|2009/05/19 02:20:48|  50.3346| 177.5603|  23.00|Rat Islands, Aleutian Islands, Alaska|http://earthquake.usgs.gov/eqcenter/recenteqsww/Quakes/ak00105826.php</qu081>
<qu082>  2.6|2009/05/19 00:19:43|  54.1951|-162.4821|  13.80|Alaska Peninsula|http://earthquake.usgs.gov/eqcenter/recenteqsww/Quakes/ak00105294.php</qu082>
<qu083>  3.2|2009/05/19 00:17:34|  57.1432|-152.3331|  12.80|Kodiak Island region, Alaska|http://earthquake.usgs.gov/eqcenter/recenteqsww/Quakes/ak00105291.php</qu083>
<qu084>  2.8|2009/05/18 22:47:26|  62.9388|-150.4998|  92.10|Central Alaska|http://earthquake.usgs.gov/eqcenter/recenteqsww/Quakes/ak00105288.php</qu084>
<qu085>  3.3|2009/05/18 22:41:28|  19.6530| -66.4127|  20.00|Puerto Rico region|http://earthquake.usgs.gov/eqcenter/recenteqsww/Quakes/prp0913803.php</qu085>
<qu086>  2.5|2009/05/18 22:39:25|  63.5235|-146.7496|   2.10|Central Alaska|http://earthquake.usgs.gov/eqcenter/recenteqsww/Quakes/ak00105285.php</qu086>
<qu087>  5.0|2009/05/18 22:31:23| -19.3910| 176.8179|  40.20|south of the Fiji Islands|http://earthquake.usgs.gov/eqcenter/recenteqsww/Quakes/us2009gub2.php</qu087>
<qu088>  4.3|2009/05/18 22:04:38|  44.2465| 147.8406|  95.10|Kuril Islands|http://earthquake.usgs.gov/eqcenter/recenteqsww/Quakes/us2009guby.php</qu088>
<qu089>  5.1|2009/05/18 20:23:25| -19.5186| 177.2777|  18.90|south of the Fiji Islands|http://earthquake.usgs.gov/eqcenter/recenteqsww/Quakes/us2009gubr.php</qu089>
<qu090>  4.9|2009/05/18 19:40:42|  -3.3380| 142.6911|  54.00|near the north coast of New Guinea, Papua New Guinea|http://earthquake.usgs.gov/eqcenter/recenteqsww/Quakes/us2009gubj.php</qu090>
<qu091>  3.3|2009/05/18 19:24:06|  31.7146|-116.0408|   6.00|Baja California, Mexico|http://earthquake.usgs.gov/eqcenter/recenteqsww/Quakes/ci10410705.php</qu091>
<qu092>  3.0|2009/05/18 16:51:45|  53.8031|-163.9356|  12.90|Unimak Island region, Alaska|http://earthquake.usgs.gov/eqcenter/recenteqsww/Quakes/ak00105269.php</qu092>
<qu093>  3.5|2009/05/18 15:59:34|  19.5122| -66.3870|  12.00|Puerto Rico region|http://earthquake.usgs.gov/eqcenter/recenteqsww/Quakes/prp0913802.php</qu093>
<qu094>  4.9|2009/05/18 14:13:04| -15.6143| -75.0299|   5.40|near the coast of central Peru|http://earthquake.usgs.gov/eqcenter/recenteqsww/Quakes/us2009gua3.php</qu094>
<qu095>  5.8|2009/05/18 14:01:03| -15.6552| -74.8602|  16.00|near the coast of southern Peru|http://earthquake.usgs.gov/eqcenter/recenteqsww/Quakes/us2009gua1.php</qu095>
<qu096>  2.5|2009/05/18 13:56:06|  59.9133|-152.5591|  76.60|Southern Alaska|http://earthquake.usgs.gov/eqcenter/recenteqsww/Quakes/ak00105260.php</qu096>
<qu097>  2.5|2009/05/18 12:16:03|  51.1613|-178.9543|  10.20|Andreanof Islands, Aleutian Islands, Alaska|http://earthquake.usgs.gov/eqcenter/recenteqsww/Quakes/ak00105709.php</qu097>
<qu098>  3.8|2009/05/18 11:57:36|  56.3573|-151.9083|  10.00|Kodiak Island region, Alaska|http://earthquake.usgs.gov/eqcenter/recenteqsww/Quakes/ak00105249.php</qu098>
<qu099>  3.4|2009/05/18 11:40:33|  38.8187|-122.8180|   2.30|Northern California|http://earthquake.usgs.gov/eqcenter/recenteqsww/Quakes/nc51221777.php</qu099>
<qu100>  3.7|2009/05/18 10:34:53|  57.7049|-153.1189|  36.00|Kodiak Island region, Alaska|http://earthquake.usgs.gov/eqcenter/recenteqsww/Quakes/ak00105243.php</qu100>
<qu101>  5.0|2009/05/18 10:09:43|  -4.3630| 101.1444|  10.00|southern Sumatra, Indonesia|http://earthquake.usgs.gov/eqcenter/recenteqsww/Quakes/us2009guaq.php</qu101>
<qu102>  2.5|2009/05/18 09:19:21|  33.9386|-118.3613|  16.40|Greater Los Angeles area, California|http://earthquake.usgs.gov/eqcenter/recenteqsww/Quakes/ci10410521.php</qu102>
<qu103>  3.2|2009/05/18 07:43:10|  56.4562|-152.0771|  10.00|Kodiak Island region, Alaska|http://earthquake.usgs.gov/eqcenter/recenteqsww/Quakes/ak00105236.php</qu103>
<qu104>  2.8|2009/05/18 07:36:33|  56.6288|-152.1642|  27.90|Kodiak Island region, Alaska|http://earthquake.usgs.gov/eqcenter/recenteqsww/Quakes/ak00105693.php</qu104>
<qu105>  2.7|2009/05/18 06:43:00|  19.1267| -66.3933|  25.00|Puerto Rico region|http://earthquake.usgs.gov/eqcenter/recenteqsww/Quakes/prp0913801.php</qu105>
<qu106>  3.1|2009/05/18 03:45:10|  33.9334|-118.3456|  14.90|Greater Los Angeles area, California|http://earthquake.usgs.gov/eqcenter/recenteqsww/Quakes/ci10410353.php</qu106>
<qu107>  2.5|2009/05/18 03:43:32|  19.8905|-155.1537|  33.20|Island of Hawaii, Hawaii|http://earthquake.usgs.gov/eqcenter/recenteqsww/Quakes/hv00034031.php</qu107>
<qu108>  4.7|2009/05/18 03:39:36|  33.9368|-118.3453|  15.10|Greater Los Angeles area, California|http://earthquake.usgs.gov/eqcenter/recenteqsww/Quakes/ci10410337.php</qu108>
<qu109>  4.6|2009/05/18 02:12:16| -11.0232| -73.3591|  52.20|central Peru|http://earthquake.usgs.gov/eqcenter/recenteqsww/Quakes/us2009guad.php</qu109>
<qu110>  3.1|2009/05/18 01:15:02|  19.7408|-156.0763|  10.40|Hawaii region, Hawaii|http://earthquake.usgs.gov/eqcenter/recenteqsww/Quakes/hv00034025.php</qu110>
<qu111>  3.0|2009/05/18 00:53:29|  42.5712| -74.1115|   9.00|New York|http://earthquake.usgs.gov/eqcenter/recenteqsww/Quakes/ld1023914.php</qu111>
<qu112>  5.1|2009/05/17 23:22:59|   2.5402| 126.7807|  10.00|Molucca Sea|http://earthquake.usgs.gov/eqcenter/recenteqsww/Quakes/us2009gtbx.php</qu112>
<qu113>  4.5|2009/05/17 22:39:29|  38.1611|  22.7127|  28.30|Greece|http://earthquake.usgs.gov/eqcenter/recenteqsww/Quakes/us2009gtbr.php</qu113>
<qu114>  4.4|2009/05/17 22:12:59|  29.6971| 140.2366|  35.00|Izu Islands, Japan region|http://earthquake.usgs.gov/eqcenter/recenteqsww/Quakes/us2009gtbt.php</qu114>
<qu115>  2.8|2009/05/17 20:55:31|  18.6275| -66.4753|  20.50|Puerto Rico region|http://earthquake.usgs.gov/eqcenter/recenteqsww/Quakes/prp0913709.php</qu115>
<qu116>  4.6|2009/05/17 19:50:07|  25.3562|  37.6322|  10.00|western Saudi Arabia|http://earthquake.usgs.gov/eqcenter/recenteqsww/Quakes/us2009gtbi.php</qu116>
<qu117>  5.4|2009/05/17 19:24:21|  82.4872|  -8.9443|  10.00|north of Svalbard|http://earthquake.usgs.gov/eqcenter/recenteqsww/Quakes/us2009gtbg.php</qu117>
<qu118>  3.5|2009/05/17 18:04:47|  60.2486|-152.7994| 121.40|Southern Alaska|http://earthquake.usgs.gov/eqcenter/recenteqsww/Quakes/ak00105206.php</qu118>
<qu119>  5.1|2009/05/17 17:57:12|  -9.5229| 159.3609|  10.00|Solomon Islands|http://earthquake.usgs.gov/eqcenter/recenteqsww/Quakes/us2009gtbf.php</qu119>
<qu120>  2.5|2009/05/17 16:48:24|  37.9470|-118.1550|   5.60|Nevada|http://earthquake.usgs.gov/eqcenter/recenteqsww/Quakes/nn00283491.php</qu120>
<qu121>  3.6|2009/05/17 15:06:35|  51.3638|-178.1275|   7.50|Andreanof Islands, Aleutian Islands, Alaska|http://earthquake.usgs.gov/eqcenter/recenteqsww/Quakes/ak00105197.php</qu121>
<qu122>  3.1|2009/05/17 15:04:30|  19.0437| -64.0603|  56.40|Virgin Islands region|http://earthquake.usgs.gov/eqcenter/recenteqsww/Quakes/prp0913708.php</qu122>
<qu123>  2.5|2009/05/17 14:32:42|  61.2174|-151.4501|  72.60|Southern Alaska|http://earthquake.usgs.gov/eqcenter/recenteqsww/Quakes/ak00105192.php</qu123>
<qu124>  5.1|2009/05/17 12:35:21| -27.2098| -69.5362|  93.40|Atacama, Chile|http://earthquake.usgs.gov/eqcenter/recenteqsww/Quakes/us2009gta4.php</qu124>
<qu125>  4.7|2009/05/17 11:59:08|  38.0019|  22.6049|  45.10|Greece|http://earthquake.usgs.gov/eqcenter/recenteqsww/Quakes/us2009gta2.php</qu125>
<qu126>  4.6|2009/05/17 11:57:58|  36.6430|  71.0097| 225.80|Hindu Kush region, Afghanistan|http://earthquake.usgs.gov/eqcenter/recenteqsww/Quakes/us2009gta1.php</qu126>
<qu127>  3.8|2009/05/17 09:58:32|  56.0795|-151.9377|   4.30|Kodiak Island region, Alaska|http://earthquake.usgs.gov/eqcenter/recenteqsww/Quakes/ak00105168.php</qu127>
<qu128>  3.0|2009/05/17 09:07:04|  19.0122| -67.4562|  10.30|Puerto Rico region|http://earthquake.usgs.gov/eqcenter/recenteqsww/Quakes/prp0913705.php</qu128>
<qu129>  3.1|2009/05/17 07:57:09|  55.0158|-158.1354|  25.00|Alaska Peninsula|http://earthquake.usgs.gov/eqcenter/recenteqsww/Quakes/ak00105164.php</qu129>
<qu130>  3.9|2009/05/17 06:45:18|  42.5363|-108.1164|   5.00|Wyoming|http://earthquake.usgs.gov/eqcenter/recenteqsww/Quakes/us2009gtar.php</qu130>
<qu131>  5.6|2009/05/17 06:22:59| -16.7690|-173.4923|  35.00|Tonga|http://earthquake.usgs.gov/eqcenter/recenteqsww/Quakes/us2009gtam.php</qu131>
<qu132>  4.3|2009/05/17 06:15:09|  19.1156|-108.6260|  10.00|Revilla Gigedo Islands region|http://earthquake.usgs.gov/eqcenter/recenteqsww/Quakes/us2009gtaj.php</qu132>
<qu133>  4.7|2009/05/17 05:18:04|   4.8462| 127.5857|  35.00|Kepulauan Talaud, Indonesia|http://earthquake.usgs.gov/eqcenter/recenteqsww/Quakes/us2009gtak.php</qu133>
<qu134>  3.4|2009/05/17 03:31:02|  19.1368| -64.6878|  38.40|Virgin Islands region|http://earthquake.usgs.gov/eqcenter/recenteqsww/Quakes/prp0913704.php</qu134>
<qu135>  3.3|2009/05/17 03:15:30|  19.1990| -64.7987|   8.70|Virgin Islands region|http://earthquake.usgs.gov/eqcenter/recenteqsww/Quakes/prp0913702.php</qu135>
<qu136>  2.8|2009/05/17 03:11:09|  64.3110|-136.9339|  17.20|Southern Yukon Territory, Canada|http://earthquake.usgs.gov/eqcenter/recenteqsww/Quakes/ak00105150.php</qu136>
<qu137>  4.7|2009/05/17 02:03:27|  53.9812| 169.0983|  29.30|Komandorskiye Ostrova, Russia region|http://earthquake.usgs.gov/eqcenter/recenteqsww/Quakes/us2009gtaf.php</qu137>
<qu138>  2.5|2009/05/17 01:46:55|  54.2278|-166.8128| 145.50|Fox Islands, Aleutian Islands, Alaska|http://earthquake.usgs.gov/eqcenter/recenteqsww/Quakes/ak00105143.php</qu138>
<qu139>  2.7|2009/05/17 01:34:31|  18.9752| -65.1077|  10.90|Virgin Islands region|http://earthquake.usgs.gov/eqcenter/recenteqsww/Quakes/prp0913701.php</qu139>
<qu140>  2.5|2009/05/17 01:25:17|  59.5145|-153.8846| 140.30|Southern Alaska|http://earthquake.usgs.gov/eqcenter/recenteqsww/Quakes/ak00105139.php</qu140>
<qu141>  4.0|2009/05/17 00:30:24|  56.3086|-152.4015|  16.40|Kodiak Island region, Alaska|http://earthquake.usgs.gov/eqcenter/recenteqsww/Quakes/ak00105132.php</qu141>
<qu142>  3.3|2009/05/16 23:45:15|  18.2588| -68.3290|  51.90|Mona Passage, Dominican Republic|http://earthquake.usgs.gov/eqcenter/recenteqsww/Quakes/prp0913606.php</qu142>
<qu143>  2.6|2009/05/16 21:50:49|  56.3972|-152.1802|  24.90|Kodiak Island region, Alaska|http://earthquake.usgs.gov/eqcenter/recenteqsww/Quakes/ak00105441.php</qu143>
<qu144>  4.0|2009/05/16 21:29:26|  56.3972|-152.1802|  10.00|Kodiak Island region, Alaska|http://earthquake.usgs.gov/eqcenter/recenteqsww/Quakes/ak00105122.php</qu144>
<qu145>  2.8|2009/05/16 20:45:03|  56.8006|-152.2458|   1.00|Kodiak Island region, Alaska|http://earthquake.usgs.gov/eqcenter/recenteqsww/Quakes/ak00105117.php</qu145>
<qu146>  2.7|2009/05/16 20:20:22|  56.4752|-151.9938|  20.50|Kodiak Island region, Alaska|http://earthquake.usgs.gov/eqcenter/recenteqsww/Quakes/ak00105436.php</qu146>
<qu147>  2.8|2009/05/16 20:12:02|  56.3166|-152.4911|   9.80|Kodiak Island region, Alaska|http://earthquake.usgs.gov/eqcenter/recenteqsww/Quakes/ak00105111.php</qu147>
<qu148>  2.8|2009/05/16 20:07:00|  56.5059|-152.3500|  18.90|Kodiak Island region, Alaska|http://earthquake.usgs.gov/eqcenter/recenteqsww/Quakes/ak00105434.php</qu148>
<qu149>  3.1|2009/05/16 19:56:56|  56.5059|-152.3500|  10.00|Kodiak Island region, Alaska|http://earthquake.usgs.gov/eqcenter/recenteqsww/Quakes/ak00105109.php</qu149>
<qu150>  2.5|2009/05/16 19:27:11|  56.3081|-152.3068|  24.90|Kodiak Island region, Alaska|http://earthquake.usgs.gov/eqcenter/recenteqsww/Quakes/ak00105104.php</qu150>
<qu151>  4.0|2009/05/16 19:20:02|  56.3081|-152.3068|   5.00|Kodiak Island region, Alaska|http://earthquake.usgs.gov/eqcenter/recenteqsww/Quakes/ak00105098.php</qu151>
<qu152>  4.0|2009/05/16 19:17:05|  56.3378|-152.4011|  20.20|Kodiak Island region, Alaska|http://earthquake.usgs.gov/eqcenter/recenteqsww/Quakes/ak00105096.php</qu152>
<qu153>  4.5|2009/05/16 19:12:47|   2.7172| -84.2965|  47.20|off the coast of Central America|http://earthquake.usgs.gov/eqcenter/recenteqsww/Quakes/us2009gsb5.php</qu153>
<qu154>  2.5|2009/05/16 19:12:27|  56.3120|-152.1862|  18.90|Kodiak Island region, Alaska|http://earthquake.usgs.gov/eqcenter/recenteqsww/Quakes/ak00105425.php</qu154>
<qu155>  2.7|2009/05/16 19:09:10|  56.3120|-152.1862|  24.80|Kodiak Island region, Alaska|http://earthquake.usgs.gov/eqcenter/recenteqsww/Quakes/ak00105424.php</qu155>
<qu156>  2.9|2009/05/16 19:02:06|  56.3317|-152.4920|   7.90|Kodiak Island region, Alaska|http://earthquake.usgs.gov/eqcenter/recenteqsww/Quakes/ak00105085.php</qu156>
<qu157>  3.1|2009/05/16 18:55:29|  56.6361|-152.1411|   4.20|Kodiak Island region, Alaska|http://earthquake.usgs.gov/eqcenter/recenteqsww/Quakes/ak00105082.php</qu157>
<qu158>  2.5|2009/05/16 18:49:58|  56.4314|-151.5988|  19.60|Kodiak Island region, Alaska|http://earthquake.usgs.gov/eqcenter/recenteqsww/Quakes/ak00105417.php</qu158>
<qu159>  2.6|2009/05/16 18:49:00|  56.4314|-151.5988|  25.00|Kodiak Island region, Alaska|http://earthquake.usgs.gov/eqcenter/recenteqsww/Quakes/ak00105416.php</qu159>
<qu160>  3.1|2009/05/16 18:45:58|  56.5537|-151.8767|   8.10|Kodiak Island region, Alaska|http://earthquake.usgs.gov/eqcenter/recenteqsww/Quakes/ak00105415.php</qu160>
<qu161>  3.5|2009/05/16 18:44:58|  56.2453|-152.2145|   5.70|Kodiak Island region, Alaska|http://earthquake.usgs.gov/eqcenter/recenteqsww/Quakes/ak00105076.php</qu161>
<qu162>  5.1|2009/05/16 18:37:39|  56.2780|-152.2304|  10.20|Kodiak Island region, Alaska|http://earthquake.usgs.gov/eqcenter/recenteqsww/Quakes/ak00105069.php</qu162>
<qu163>  5.9|2009/05/16 18:22:24|  56.3660|-152.5502|  10.00|Kodiak Island region, Alaska|http://earthquake.usgs.gov/eqcenter/recenteqsww/Quakes/us2009gsbj.php</qu163>
<qu164>  5.3|2009/05/16 18:21:17|  56.2088|-152.0551|   4.50|Kodiak Island region, Alaska|http://earthquake.usgs.gov/eqcenter/recenteqsww/Quakes/ak00105060.php</qu164>
<qu165>  2.5|2009/05/16 18:04:40|  40.3120|-124.5223|  11.20|offshore Northern California|http://earthquake.usgs.gov/eqcenter/recenteqsww/Quakes/nc51221693.php</qu165>
<qu166>  2.5|2009/05/16 17:53:10|  32.8090| -97.0700|   5.00|northern Texas|http://earthquake.usgs.gov/eqcenter/recenteqsww/Quakes/us2009gsck.php</qu166>
<qu167>  3.3|2009/05/16 16:24:06|  32.7960| -97.0909|   5.00|northern Texas|http://earthquake.usgs.gov/eqcenter/recenteqsww/Quakes/us2009gsba.php</qu167>
<qu168>  2.8|2009/05/16 16:02:37|  53.1298| 176.8517|  29.40|Rat Islands, Aleutian Islands, Alaska|http://earthquake.usgs.gov/eqcenter/recenteqsww/Quakes/ak00105399.php</qu168>
<qu169>  2.7|2009/05/16 15:44:11|  18.7432| -66.5427|  55.40|Puerto Rico region|http://earthquake.usgs.gov/eqcenter/recenteqsww/Quakes/prp0913602.php</qu169>
<qu170>  3.0|2009/05/16 14:39:04|  18.1677| -63.8805|  62.60|Virgin Islands region|http://earthquake.usgs.gov/eqcenter/recenteqsww/Quakes/prp0913603.php</qu170>
<qu171>  3.3|2009/05/16 13:29:55|  56.4904|-152.3041|  10.00|Kodiak Island region, Alaska|http://earthquake.usgs.gov/eqcenter/recenteqsww/Quakes/ak00105048.php</qu171>
<qu172>  2.6|2009/05/16 13:02:24|  35.9863|-117.2923|   5.50|Central California|http://earthquake.usgs.gov/eqcenter/recenteqsww/Quakes/ci10409785.php</qu172>
<qu173>  2.7|2009/05/16 12:12:16|  33.3041|-116.2945|  13.50|Southern California|http://earthquake.usgs.gov/eqcenter/recenteqsww/Quakes/ci10409777.php</qu173>
<qu174>  2.7|2009/05/16 11:51:15|  56.3124|-152.1482|  10.00|Kodiak Island region, Alaska|http://earthquake.usgs.gov/eqcenter/recenteqsww/Quakes/ak00105045.php</qu174>
<qu175>  4.1|2009/05/16 10:01:09|  56.1940|-152.0443|  10.00|Kodiak Island region, Alaska|http://earthquake.usgs.gov/eqcenter/recenteqsww/Quakes/ak00105089.php</qu175>
<qu176>  4.1|2009/05/16 10:01:09|  56.1940|-152.0443|  10.00|Kodiak Island region, Alaska|http://earthquake.usgs.gov/eqcenter/recenteqsww/Quakes/ak00105106.php</qu176>
<qu177>  4.1|2009/05/16 10:01:09|  56.1940|-152.0443|  10.00|Kodiak Island region, Alaska|http://earthquake.usgs.gov/eqcenter/recenteqsww/Quakes/ak00105035.php</qu177>
<qu178>  4.1|2009/05/16 10:01:09|  56.2309|-152.1198|  10.00|Kodiak Island region, Alaska|http://earthquake.usgs.gov/eqcenter/recenteqsww/Quakes/ak00105380.php</qu178>
<qu179>  2.7|2009/05/16 09:10:12|  46.3946|-119.2943|   0.00|Washington|http://earthquake.usgs.gov/eqcenter/recenteqsww/Quakes/uw05160910.php</qu179>
<qu180>  3.0|2009/05/16 08:08:17|  37.2485| -80.0020|  12.90|Virginia|http://earthquake.usgs.gov/eqcenter/recenteqsww/Quakes/sehnw0516a.php</qu180>
<qu181>  2.5|2009/05/16 07:48:53|  56.5782|-152.2452|  11.50|Kodiak Island region, Alaska|http://earthquake.usgs.gov/eqcenter/recenteqsww/Quakes/ak00105375.php</qu181>
<qu182>  3.2|2009/05/16 05:54:29|  56.3754|-152.1965|   8.50|Kodiak Island region, Alaska|http://earthquake.usgs.gov/eqcenter/recenteqsww/Quakes/ak00105029.php</qu182>
<qu183>  3.2|2009/05/16 04:03:24|  62.6604|-151.1338|  92.20|Central Alaska|http://earthquake.usgs.gov/eqcenter/recenteqsww/Quakes/ak00105024.php</qu183>
<qu184>  3.2|2009/05/16 03:00:25|  56.4164|-152.0789|  10.00|Kodiak Island region, Alaska|http://earthquake.usgs.gov/eqcenter/recenteqsww/Quakes/ak00105020.php</qu184>
<qu185>  2.6|2009/05/16 02:48:00|  18.2408| -67.1893|  62.70|Mona Passage, Puerto Rico|http://earthquake.usgs.gov/eqcenter/recenteqsww/Quakes/prp0913601.php</qu185>
<qu186>  4.4|2009/05/16 02:16:50|  -7.0808| 125.5635| 468.30|Kepulauan Barat Daya, Indonesia|http://earthquake.usgs.gov/eqcenter/recenteqsww/Quakes/us2009gsal.php</qu186>
<qu187>  2.9|2009/05/16 01:51:04|  61.6557|-151.2306|   4.40|Southern Alaska|http://earthquake.usgs.gov/eqcenter/recenteqsww/Quakes/ak00105014.php</qu187>
<qu188>  3.9|2009/05/16 01:35:21|  56.3696|-152.0112|  11.30|Kodiak Island region, Alaska|http://earthquake.usgs.gov/eqcenter/recenteqsww/Quakes/ak00105010.php</qu188>
<qu189>  6.5|2009/05/16 00:53:46| -31.5223|-178.8875|  10.00|Kermadec Islands region|http://earthquake.usgs.gov/eqcenter/recenteqsww/Quakes/us2009gsad.php</qu189>
<qu190>  4.5|2009/05/16 00:36:14|  18.9874| 120.9783|  10.00|Luzon, Philippines|http://earthquake.usgs.gov/eqcenter/recenteqsww/Quakes/us2009gsap.php</qu190>
<qu191>  2.6|2009/05/15 23:14:26|  56.4950|-152.2664|  10.00|Kodiak Island region, Alaska|http://earthquake.usgs.gov/eqcenter/recenteqsww/Quakes/ak00105614.php</qu191>
<qu192>  3.2|2009/05/15 22:56:01|  56.4127|-152.1622|  10.00|Kodiak Island region, Alaska|http://earthquake.usgs.gov/eqcenter/recenteqsww/Quakes/ak00104994.php</qu192>
<qu193>  4.4|2009/05/15 22:47:06|  12.4757| -87.8113|  63.90|near the coast of Nicaragua|http://earthquake.usgs.gov/eqcenter/recenteqsww/Quakes/us2009grch.php</qu193>
<qu194>  3.7|2009/05/15 20:47:25|  56.6351|-152.1899|  10.00|Kodiak Island region, Alaska|http://earthquake.usgs.gov/eqcenter/recenteqsww/Quakes/ak00104918.php</qu194>
<qu195>  3.2|2009/05/15 20:03:52|  56.3236|-152.1071|  10.00|Kodiak Island region, Alaska|http://earthquake.usgs.gov/eqcenter/recenteqsww/Quakes/ak00104913.php</qu195>
<qu196>  4.0|2009/05/15 19:59:41|  56.2897|-152.0552|  10.00|Kodiak Island region, Alaska|http://earthquake.usgs.gov/eqcenter/recenteqsww/Quakes/ak00104909.php</qu196>
<qu197>  4.6|2009/05/15 19:23:13|  56.2939|-151.9713|  10.00|Kodiak Island region, Alaska|http://earthquake.usgs.gov/eqcenter/recenteqsww/Quakes/ak00104898.php</qu197>
<qu198>  2.9|2009/05/15 19:04:50|  56.4476|-151.8046|  10.00|Kodiak Island region, Alaska|http://earthquake.usgs.gov/eqcenter/recenteqsww/Quakes/ak00105602.php</qu198>
<qu199>  2.5|2009/05/15 18:46:20|  56.5030|-151.8538|  10.00|Kodiak Island region, Alaska|http://earthquake.usgs.gov/eqcenter/recenteqsww/Quakes/ak00105601.php</qu199>
<qu200>  3.5|2009/05/15 18:44:09|  56.2760|-152.0369|  10.00|Kodiak Island region, Alaska|http://earthquake.usgs.gov/eqcenter/recenteqsww/Quakes/ak00104895.php</qu200>
<qu201>  3.9|2009/05/15 18:41:46|  56.2845|-152.0273|  10.00|Kodiak Island region, Alaska|http://earthquake.usgs.gov/eqcenter/recenteqsww/Quakes/ak00104890.php</qu201>
<qu202>  3.4|2009/05/15 18:38:20|  56.5404|-152.0967|  10.00|Kodiak Island region, Alaska|http://earthquake.usgs.gov/eqcenter/recenteqsww/Quakes/ak00104887.php</qu202>
<qu203>  2.9|2009/05/15 18:33:09|  56.5570|-152.3699|  10.00|Kodiak Island region, Alaska|http://earthquake.usgs.gov/eqcenter/recenteqsww/Quakes/ak00105597.php</qu203>
<qu204>  2.8|2009/05/15 18:31:37|  56.5747|-152.3904|  10.00|Kodiak Island region, Alaska|http://earthquake.usgs.gov/eqcenter/recenteqsww/Quakes/ak00105596.php</qu204>
<qu205>  2.6|2009/05/15 18:29:24|  56.7636|-152.7155|  10.00|Kodiak Island region, Alaska|http://earthquake.usgs.gov/eqcenter/recenteqsww/Quakes/ak00105595.php</qu205>
<qu206>  3.3|2009/05/15 18:27:20|  56.5380|-152.3281|  10.00|Kodiak Island region, Alaska|http://earthquake.usgs.gov/eqcenter/recenteqsww/Quakes/ak00105594.php</qu206>
<qu207>  4.8|2009/05/15 18:24:13|  56.2635|-151.9841|  10.00|Kodiak Island region, Alaska|http://earthquake.usgs.gov/eqcenter/recenteqsww/Quakes/ak00104877.php</qu207>
<qu208>  2.9|2009/05/15 18:15:36|  56.4401|-152.1491|  10.00|Kodiak Island region, Alaska|http://earthquake.usgs.gov/eqcenter/recenteqsww/Quakes/ak00104875.php</qu208>
<qu209>  2.8|2009/05/15 17:53:40|  56.5701|-152.1881|  10.00|Kodiak Island region, Alaska|http://earthquake.usgs.gov/eqcenter/recenteqsww/Quakes/ak00104872.php</qu209>
<qu210>  4.3|2009/05/15 17:38:14|  56.2680|-152.0408|   9.60|Kodiak Island region, Alaska|http://earthquake.usgs.gov/eqcenter/recenteqsww/Quakes/ak00104865.php</qu210>
<qu211>  2.6|2009/05/15 16:27:11|  18.2245| -67.2917|  25.50|Mona Passage, Puerto Rico|http://earthquake.usgs.gov/eqcenter/recenteqsww/Quakes/prp0913505.php</qu211>
<qu212>  2.7|2009/05/15 15:55:29|  35.7933|-121.2690|   4.60|Central California|http://earthquake.usgs.gov/eqcenter/recenteqsww/Quakes/nc51221623.php</qu212>
<qu213>  2.7|2009/05/15 15:03:49|  51.7714| 176.2105|   9.50|Rat Islands, Aleutian Islands, Alaska|http://earthquake.usgs.gov/eqcenter/recenteqsww/Quakes/ak00105583.php</qu213>
<qu214>  2.5|2009/05/15 13:56:45|  37.9098|-121.9730|  12.60|San Francisco Bay area, California|http://earthquake.usgs.gov/eqcenter/recenteqsww/Quakes/nc51221621.php</qu214>
<qu215>  2.6|2009/05/15 13:04:27|  63.1478|-151.5029|  11.80|Central Alaska|http://earthquake.usgs.gov/eqcenter/recenteqsww/Quakes/ak00104850.php</qu215>
<qu216>  2.7|2009/05/15 12:56:26|  17.8288| -66.7225|  13.60|Puerto Rico region|http://earthquake.usgs.gov/eqcenter/recenteqsww/Quakes/prp0913504.php</qu216>
<qu217>  2.5|2009/05/15 12:34:30|  37.4710|-118.7785|  12.30|Central California|http://earthquake.usgs.gov/eqcenter/recenteqsww/Quakes/nc51221615.php</qu217>
<qu218>  2.6|2009/05/15 11:32:00|  56.2863|-152.3014|   8.20|Kodiak Island region, Alaska|http://earthquake.usgs.gov/eqcenter/recenteqsww/Quakes/ak00105575.php</qu218>
<qu219>  2.5|2009/05/15 11:29:22|  53.6896|-165.9878|  64.60|Fox Islands, Aleutian Islands, Alaska|http://earthquake.usgs.gov/eqcenter/recenteqsww/Quakes/ak00104903.php</qu219>
<qu220>  2.8|2009/05/15 11:25:57|  56.7377|-152.3930|  15.00|Kodiak Island region, Alaska|http://earthquake.usgs.gov/eqcenter/recenteqsww/Quakes/ak00104845.php</qu220>
<qu221>  2.9|2009/05/15 07:35:41|  65.9755|-156.6297|   8.00|northern Alaska|http://earthquake.usgs.gov/eqcenter/recenteqsww/Quakes/ak00104842.php</qu221>
<qu222>  3.9|2009/05/15 07:32:56|  53.4582| 169.0303|   9.30|Komandorskiye Ostrova, Russia region|http://earthquake.usgs.gov/eqcenter/recenteqsww/Quakes/ak00105566.php</qu222>
<qu223>  4.7|2009/05/15 06:12:09| -56.1004| -27.0602| 127.40|South Sandwich Islands region|http://earthquake.usgs.gov/eqcenter/recenteqsww/Quakes/us2009grah.php</qu223>
<qu224>  4.8|2009/05/15 03:33:56|   4.0274| 126.6580|  35.00|Kepulauan Talaud, Indonesia|http://earthquake.usgs.gov/eqcenter/recenteqsww/Quakes/us2009grad.php</qu224>
<qu225>  3.0|2009/05/15 02:12:40|  53.4394|-163.5632|  15.20|Unimak Island region, Alaska|http://earthquake.usgs.gov/eqcenter/recenteqsww/Quakes/ak00104834.php</qu225>
<qu226>  3.0|2009/05/15 01:13:57|  19.1852| -67.7255| 116.80|Puerto Rico region|http://earthquake.usgs.gov/eqcenter/recenteqsww/Quakes/prp0913502.php</qu226>
<qu227>  3.7|2009/05/14 23:26:09|  62.9502|-150.5386|  97.00|Central Alaska|http://earthquake.usgs.gov/eqcenter/recenteqsww/Quakes/ak00104754.php</qu227>
<qu228>  3.1|2009/05/14 22:55:58|  18.7947| -64.8458|  52.10|Virgin Islands region|http://earthquake.usgs.gov/eqcenter/recenteqsww/Quakes/prp0913406.php</qu228>
</quakes>
<quakes>
<wequ001>  9.5|1960/05/22 19:11:14|  -38.24|-73.05|   0.0|Chile, #1|http://earthquake.usgs.gov/regional/world/events/1960_05_22.php</wequ001>
<wequ002>  9.2|1964/03/28 03:36:14|  61.02|-147.65|   0.0|Prince William Sound, Alaska, #2|http://earthquake.usgs.gov/regional/states/events/1964_03_28.php</wequ002>
<wequ003>  9.1|2004/12/26 00:58:53|  3.30|95.78|   0.0|West Coast, Northern Sumatra, #3|http://earthquake.usgs.gov/eqcenter/eqinthenews/2004/usslav/</wequ003>
<wequ004>  9.0|1952/11/04 16:58:26|  52.76|160.06|   0.0|Kamchatka, #4|http://earthquake.usgs.gov/regional/world/events/1952_11_04.php</wequ004>
<wequ005>  8.8|1906/01/31 15:35:00|  1.0|-81.5|   0.0|Off the Coast of Ecuador, #5|http://earthquake.usgs.gov/regional/world/events/1906_01_31.php</wequ005>
<wequ006>  8.7|1965/02/04 05:01:00|  51.21|178.50|   0.0|Rat Islands, Alaska, #6|http://earthquake.usgs.gov/regional/states/events/1965_02_04.php</wequ006>
<wequ007>  8.7|1755/11/01 10:16:00|  36.0|-11.0|   0.0|near Lisbon, Portugal|http://earthquake.usgs.gov/regional/world/events/1755_11_01.php</wequ007>
<wequ008>  8.6|2005/03/28 16:09:36|  2.08|97.01|   0.0|Northern Sumatra, Indonesia, #7|http://earthquake.usgs.gov/eqcenter/eqinthenews/2005/usweax/</wequ008>
<wequ009>  8.6|1950/08/15 14:09:00|  28.5|96.5|   0.0|Assam, Tibet, #8|http://earthquake.usgs.gov/regional/world/events/1950_08_15.php</wequ009>
<wequ010>  8.6|1957/03/09 14:22:31|  51.56|-175.39|   0.0|Andreanof Islands, Alaska, #9|http://earthquake.usgs.gov/regional/states/events/1957_03_09.php</wequ010>
<wequ011>  8.6|1938/02/01 19:04:00|  -5.05|131.62|   0.0|Banda Sea, Indonesia, #10|http://earthquake.usgs.gov/regional/world/events/1938_02_01.php</wequ011>
<wequ012>  8.5|1923/02/03 00:00:00|  54.0|161.0|   0.0|Kamchatka, #11|http://earthquake.usgs.gov/regional/world/10_largest_world.php</wequ012>
<wequ013>  8.5|1922/11/11 04:32:00|  -28.55|-70.5|   0.0|Chile-Argentina Border, #12|http://earthquake.usgs.gov/regional/world/events/1922_11_11.php</wequ013>
<wequ014>  8.5|1963/10/13 00:00:00|  44.9|149.6|   0.0|Kuril Islands, #13|http://earthquake.usgs.gov/regional/world/10_largest_world.php</wequ014>
<wequ015>  7.9|2008/05/12 06:28:01|  30.986|103.364|   19.0|Eastern Sichuan, China|http://earthquake.usgs.gov/eqcenter/eqinthenews/2008/us2008ryan</wequ015>
</quakes>
